target_id,evidence_class,schedule_id,clock_convention,Q,operational_rate,operational_horizon,calendar_completion_time,participation_eta,background_flux_J,completion_impact,fitted_slope,fit_Q_min,fit_Q_max
F07,verification,fixed_operational_rate,identity_t=u,0.01,1,0.01,0.01,not_applicable,not_applicable,0.056418958354775631,0.49999999999999989,0.01,100
F07,verification,fixed_operational_rate,identity_t=u,0.012589254117941675,1,0.012589254117941675,0.012589254117941675,not_applicable,not_applicable,0.063303112446552207,0.49999999999999989,0.01,100
F07,verification,fixed_operational_rate,identity_t=u,0.015848931924611134,1,0.015848931924611134,0.015848931924611134,not_applicable,not_applicable,0.07102726037978388,0.49999999999999989,0.01,100
F07,verification,fixed_operational_rate,identity_t=u,0.019952623149688799,1,0.019952623149688799,0.019952623149688799,not_applicable,not_applicable,0.079693896904628206,0.49999999999999989,0.01,100
F07,verification,fixed_operational_rate,identity_t=u,0.025118864315095794,1,0.025118864315095794,0.025118864315095794,not_applicable,not_applicable,0.089418023022230952,0.49999999999999989,0.01,100
F07,verification,fixed_operational_rate,identity_t=u,0.031622776601683791,1,0.031622776601683791,0.031622776601683791,not_applicable,not_applicable,0.10032867197814097,0.49999999999999989,0.01,100
F07,verification,fixed_operational_rate,identity_t=u,0.039810717055349734,1,0.039810717055349734,0.039810717055349734,not_applicable,not_applicable,0.11257062145508244,0.49999999999999989,0.01,100
F07,verification,fixed_operational_rate,identity_t=u,0.050118723362727248,1,0.050118723362727248,0.050118723362727248,not_applicable,not_applicable,0.12630631468484307,0.49999999999999989,0.01,100
F07,verification,fixed_operational_rate,identity_t=u,0.063095734448019331,1,0.063095734448019331,0.063095734448019331,not_applicable,not_applicable,0.14171801597126496,0.49999999999999989,0.01,100
F07,verification,fixed_operational_rate,identity_t=u,0.079432823472428138,1,0.079432823472428138,0.079432823472428138,not_applicable,not_applicable,0.15901022922681968,0.49999999999999989,0.01,100
F07,verification,fixed_operational_rate,identity_t=u,0.10000000000000001,1,0.10000000000000001,0.10000000000000001,not_applicable,not_applicable,0.1784124116152771,0.49999999999999989,0.01,100
F07,verification,fixed_operational_rate,identity_t=u,0.12589254117941676,1,0.12589254117941676,0.12589254117941676,not_applicable,not_applicable,0.20018201830885893,0.49999999999999989,0.01,100
F07,verification,fixed_operational_rate,identity_t=u,0.15848931924611143,1,0.15848931924611143,0.15848931924611143,not_applicable,not_applicable,0.22460791876195327,0.49999999999999989,0.01,100
F07,verification,fixed_operational_rate,identity_t=u,0.19952623149688797,1,0.19952623149688797,0.19952623149688797,not_applicable,not_applicable,0.25201422983326771,0.49999999999999989,0.01,100
F07,verification,fixed_operational_rate,identity_t=u,0.25118864315095807,1,0.25118864315095807,0.25118864315095807,not_applicable,not_applicable,0.28276461661962282,0.49999999999999989,0.01,100
F07,verification,fixed_operational_rate,identity_t=u,0.31622776601683794,1,0.31622776601683794,0.31622776601683794,not_applicable,not_applicable,0.31726711807083646,0.49999999999999989,0.01,100
F07,verification,fixed_operational_rate,identity_t=u,0.39810717055349731,1,0.39810717055349731,0.39810717055349731,not_applicable,not_applicable,0.35597956141867848,0.49999999999999989,0.01,100
F07,verification,fixed_operational_rate,identity_t=u,0.50118723362727247,1,0.50118723362727247,0.50118723362727247,not_applicable,not_applicable,0.39941563726607648,0.49999999999999989,0.01,100
F07,verification,fixed_operational_rate,identity_t=u,0.63095734448019336,1,0.63095734448019336,0.63095734448019336,not_applicable,not_applicable,0.4481517159493168,0.49999999999999989,0.01,100
F07,verification,fixed_operational_rate,identity_t=u,0.79432823472428171,1,0.79432823472428171,0.79432823472428171,not_applicable,not_applicable,0.50283449562222504,0.49999999999999989,0.01,100
F07,verification,fixed_operational_rate,identity_t=u,1,1,1,1,not_applicable,not_applicable,0.56418958354775628,0.49999999999999989,0.01,100
F07,verification,fixed_operational_rate,identity_t=u,1.2589254117941675,1,1.2589254117941675,1.2589254117941675,not_applicable,not_applicable,0.63303112446552201,0.49999999999999989,0.01,100
F07,verification,fixed_operational_rate,identity_t=u,1.584893192461114,1,1.584893192461114,1.584893192461114,not_applicable,not_applicable,0.71027260379783896,0.49999999999999989,0.01,100
F07,verification,fixed_operational_rate,identity_t=u,1.9952623149688808,1,1.9952623149688808,1.9952623149688808,not_applicable,not_applicable,0.79693896904628225,0.49999999999999989,0.01,100
F07,verification,fixed_operational_rate,identity_t=u,2.5118864315095824,1,2.5118864315095824,2.5118864315095824,not_applicable,not_applicable,0.89418023022230997,0.49999999999999989,0.01,100
F07,verification,fixed_operational_rate,identity_t=u,3.1622776601683795,1,3.1622776601683795,3.1622776601683795,not_applicable,not_applicable,1.0032867197814097,0.49999999999999989,0.01,100
F07,verification,fixed_operational_rate,identity_t=u,3.9810717055349731,1,3.9810717055349731,3.9810717055349731,not_applicable,not_applicable,1.1257062145508245,0.49999999999999989,0.01,100
F07,verification,fixed_operational_rate,identity_t=u,5.0118723362727247,1,5.0118723362727247,5.0118723362727247,not_applicable,not_applicable,1.2630631468484306,0.49999999999999989,0.01,100
F07,verification,fixed_operational_rate,identity_t=u,6.309573444801936,1,6.309573444801936,6.309573444801936,not_applicable,not_applicable,1.4171801597126501,0.49999999999999989,0.01,100
F07,verification,fixed_operational_rate,identity_t=u,7.9432823472428211,1,7.9432823472428211,7.9432823472428211,not_applicable,not_applicable,1.5901022922681973,0.49999999999999989,0.01,100
F07,verification,fixed_operational_rate,identity_t=u,10,1,10,10,not_applicable,not_applicable,1.7841241161527712,0.49999999999999989,0.01,100
F07,verification,fixed_operational_rate,identity_t=u,12.589254117941675,1,12.589254117941675,12.589254117941675,not_applicable,not_applicable,2.0018201830885891,0.49999999999999989,0.01,100
F07,verification,fixed_operational_rate,identity_t=u,15.848931924611142,1,15.848931924611142,15.848931924611142,not_applicable,not_applicable,2.2460791876195327,0.49999999999999989,0.01,100
F07,verification,fixed_operational_rate,identity_t=u,19.952623149688808,1,19.952623149688808,19.952623149688808,not_applicable,not_applicable,2.520142298332678,0.49999999999999989,0.01,100
F07,verification,fixed_operational_rate,identity_t=u,25.11886431509582,1,25.11886431509582,25.11886431509582,not_applicable,not_applicable,2.8276461661962289,0.49999999999999989,0.01,100
F07,verification,fixed_operational_rate,identity_t=u,31.622776601683793,1,31.622776601683793,31.622776601683793,not_applicable,not_applicable,3.1726711807083645,0.49999999999999989,0.01,100
F07,verification,fixed_operational_rate,identity_t=u,39.810717055349734,1,39.810717055349734,39.810717055349734,not_applicable,not_applicable,3.5597956141867848,0.49999999999999989,0.01,100
F07,verification,fixed_operational_rate,identity_t=u,50.118723362727252,1,50.118723362727252,50.118723362727252,not_applicable,not_applicable,3.9941563726607652,0.49999999999999989,0.01,100
F07,verification,fixed_operational_rate,identity_t=u,63.095734448019364,1,63.095734448019364,63.095734448019364,not_applicable,not_applicable,4.4815171594931691,0.49999999999999989,0.01,100
F07,verification,fixed_operational_rate,identity_t=u,79.432823472428211,1,79.432823472428211,79.432823472428211,not_applicable,not_applicable,5.0283449562222522,0.49999999999999989,0.01,100
F07,verification,fixed_operational_rate,identity_t=u,100,1,100,100,not_applicable,not_applicable,5.6418958354775626,0.49999999999999989,0.01,100
F07,verification,fixed_participation,identity_t=u,0.01,1,0.01,0.01,0.10000000000000001,10,0.056418958354775631,0.49999999999999989,0.01,100
F07,verification,fixed_participation,identity_t=u,0.012589254117941675,1,0.012589254117941675,0.012589254117941675,0.10000000000000001,10,0.063303112446552207,0.49999999999999989,0.01,100
F07,verification,fixed_participation,identity_t=u,0.015848931924611134,1,0.015848931924611134,0.015848931924611134,0.10000000000000001,10,0.07102726037978388,0.49999999999999989,0.01,100
F07,verification,fixed_participation,identity_t=u,0.019952623149688799,1,0.019952623149688799,0.019952623149688799,0.10000000000000001,10,0.079693896904628206,0.49999999999999989,0.01,100
F07,verification,fixed_participation,identity_t=u,0.025118864315095794,1,0.025118864315095794,0.025118864315095794,0.10000000000000001,10,0.089418023022230952,0.49999999999999989,0.01,100
F07,verification,fixed_participation,identity_t=u,0.031622776601683791,1,0.031622776601683791,0.031622776601683791,0.10000000000000001,10,0.10032867197814097,0.49999999999999989,0.01,100
F07,verification,fixed_participation,identity_t=u,0.039810717055349734,1,0.039810717055349734,0.039810717055349734,0.10000000000000001,10,0.11257062145508244,0.49999999999999989,0.01,100
F07,verification,fixed_participation,identity_t=u,0.050118723362727248,1,0.050118723362727248,0.050118723362727248,0.10000000000000001,10,0.12630631468484307,0.49999999999999989,0.01,100
F07,verification,fixed_participation,identity_t=u,0.063095734448019331,1,0.063095734448019331,0.063095734448019331,0.10000000000000001,10,0.14171801597126496,0.49999999999999989,0.01,100
F07,verification,fixed_participation,identity_t=u,0.079432823472428138,1,0.079432823472428138,0.079432823472428138,0.10000000000000001,10,0.15901022922681968,0.49999999999999989,0.01,100
F07,verification,fixed_participation,identity_t=u,0.10000000000000001,1,0.10000000000000001,0.10000000000000001,0.10000000000000001,10,0.1784124116152771,0.49999999999999989,0.01,100
F07,verification,fixed_participation,identity_t=u,0.12589254117941676,1,0.12589254117941676,0.12589254117941676,0.10000000000000001,10,0.20018201830885893,0.49999999999999989,0.01,100
F07,verification,fixed_participation,identity_t=u,0.15848931924611143,1,0.15848931924611143,0.15848931924611143,0.10000000000000001,10,0.22460791876195327,0.49999999999999989,0.01,100
F07,verification,fixed_participation,identity_t=u,0.19952623149688797,1,0.19952623149688797,0.19952623149688797,0.10000000000000001,10,0.25201422983326771,0.49999999999999989,0.01,100
F07,verification,fixed_participation,identity_t=u,0.25118864315095807,1,0.25118864315095807,0.25118864315095807,0.10000000000000001,10,0.28276461661962282,0.49999999999999989,0.01,100
F07,verification,fixed_participation,identity_t=u,0.31622776601683794,1,0.31622776601683794,0.31622776601683794,0.10000000000000001,10,0.31726711807083646,0.49999999999999989,0.01,100
F07,verification,fixed_participation,identity_t=u,0.39810717055349731,1,0.39810717055349731,0.39810717055349731,0.10000000000000001,10,0.35597956141867848,0.49999999999999989,0.01,100
F07,verification,fixed_participation,identity_t=u,0.50118723362727247,1,0.50118723362727247,0.50118723362727247,0.10000000000000001,10,0.39941563726607648,0.49999999999999989,0.01,100
F07,verification,fixed_participation,identity_t=u,0.63095734448019336,1,0.63095734448019336,0.63095734448019336,0.10000000000000001,10,0.4481517159493168,0.49999999999999989,0.01,100
F07,verification,fixed_participation,identity_t=u,0.79432823472428171,1,0.79432823472428171,0.79432823472428171,0.10000000000000001,10,0.50283449562222504,0.49999999999999989,0.01,100
F07,verification,fixed_participation,identity_t=u,1,1,1,1,0.10000000000000001,10,0.56418958354775628,0.49999999999999989,0.01,100
F07,verification,fixed_participation,identity_t=u,1.2589254117941675,1,1.2589254117941675,1.2589254117941675,0.10000000000000001,10,0.63303112446552201,0.49999999999999989,0.01,100
F07,verification,fixed_participation,identity_t=u,1.584893192461114,1,1.584893192461114,1.584893192461114,0.10000000000000001,10,0.71027260379783896,0.49999999999999989,0.01,100
F07,verification,fixed_participation,identity_t=u,1.9952623149688808,1,1.9952623149688808,1.9952623149688808,0.10000000000000001,10,0.79693896904628225,0.49999999999999989,0.01,100
F07,verification,fixed_participation,identity_t=u,2.5118864315095824,1,2.5118864315095824,2.5118864315095824,0.10000000000000001,10,0.89418023022230997,0.49999999999999989,0.01,100
F07,verification,fixed_participation,identity_t=u,3.1622776601683795,1,3.1622776601683795,3.1622776601683795,0.10000000000000001,10,1.0032867197814097,0.49999999999999989,0.01,100
F07,verification,fixed_participation,identity_t=u,3.9810717055349731,1,3.9810717055349731,3.9810717055349731,0.10000000000000001,10,1.1257062145508245,0.49999999999999989,0.01,100
F07,verification,fixed_participation,identity_t=u,5.0118723362727247,1,5.0118723362727247,5.0118723362727247,0.10000000000000001,10,1.2630631468484306,0.49999999999999989,0.01,100
F07,verification,fixed_participation,identity_t=u,6.309573444801936,1,6.309573444801936,6.309573444801936,0.10000000000000001,10,1.4171801597126501,0.49999999999999989,0.01,100
F07,verification,fixed_participation,identity_t=u,7.9432823472428211,1,7.9432823472428211,7.9432823472428211,0.10000000000000001,10,1.5901022922681973,0.49999999999999989,0.01,100
F07,verification,fixed_participation,identity_t=u,10,1,10,10,0.10000000000000001,10,1.7841241161527712,0.49999999999999989,0.01,100
F07,verification,fixed_participation,identity_t=u,12.589254117941675,1,12.589254117941675,12.589254117941675,0.10000000000000001,10,2.0018201830885891,0.49999999999999989,0.01,100
F07,verification,fixed_participation,identity_t=u,15.848931924611142,1,15.848931924611142,15.848931924611142,0.10000000000000001,10,2.2460791876195327,0.49999999999999989,0.01,100
F07,verification,fixed_participation,identity_t=u,19.952623149688808,1,19.952623149688808,19.952623149688808,0.10000000000000001,10,2.520142298332678,0.49999999999999989,0.01,100
F07,verification,fixed_participation,identity_t=u,25.11886431509582,1,25.11886431509582,25.11886431509582,0.10000000000000001,10,2.8276461661962289,0.49999999999999989,0.01,100
F07,verification,fixed_participation,identity_t=u,31.622776601683793,1,31.622776601683793,31.622776601683793,0.10000000000000001,10,3.1726711807083645,0.49999999999999989,0.01,100
F07,verification,fixed_participation,identity_t=u,39.810717055349734,1,39.810717055349734,39.810717055349734,0.10000000000000001,10,3.5597956141867848,0.49999999999999989,0.01,100
F07,verification,fixed_participation,identity_t=u,50.118723362727252,1,50.118723362727252,50.118723362727252,0.10000000000000001,10,3.9941563726607652,0.49999999999999989,0.01,100
F07,verification,fixed_participation,identity_t=u,63.095734448019364,1,63.095734448019364,63.095734448019364,0.10000000000000001,10,4.4815171594931691,0.49999999999999989,0.01,100
F07,verification,fixed_participation,identity_t=u,79.432823472428211,1,79.432823472428211,79.432823472428211,0.10000000000000001,10,5.0283449562222522,0.49999999999999989,0.01,100
F07,verification,fixed_participation,identity_t=u,100,1,100,100,0.10000000000000001,10,5.6418958354775626,0.49999999999999989,0.01,100
F07,negative_control,fixed_operational_horizon,identity_t=u,0.01,0.01,1,1,not_applicable,not_applicable,0.0056418958354775631,1.0000000000000002,0.01,100
F07,negative_control,fixed_operational_horizon,identity_t=u,0.012589254117941675,0.012589254117941675,1,1,not_applicable,not_applicable,0.0071027260379783897,1.0000000000000002,0.01,100
F07,negative_control,fixed_operational_horizon,identity_t=u,0.015848931924611134,0.015848931924611134,1,1,not_applicable,not_applicable,0.0089418023022230959,1.0000000000000002,0.01,100
F07,negative_control,fixed_operational_horizon,identity_t=u,0.019952623149688799,0.019952623149688799,1,1,not_applicable,not_applicable,0.011257062145508244,1.0000000000000002,0.01,100
F07,negative_control,fixed_operational_horizon,identity_t=u,0.025118864315095794,0.025118864315095794,1,1,not_applicable,not_applicable,0.014171801597126492,1.0000000000000002,0.01,100
F07,negative_control,fixed_operational_horizon,identity_t=u,0.031622776601683791,0.031622776601683791,1,1,not_applicable,not_applicable,0.017841241161527709,1.0000000000000002,0.01,100
F07,negative_control,fixed_operational_horizon,identity_t=u,0.039810717055349734,0.039810717055349734,1,1,not_applicable,not_applicable,0.022460791876195325,1.0000000000000002,0.01,100
F07,negative_control,fixed_operational_horizon,identity_t=u,0.050118723362727248,0.050118723362727248,1,1,not_applicable,not_applicable,0.02827646166196229,1.0000000000000002,0.01,100
F07,negative_control,fixed_operational_horizon,identity_t=u,0.063095734448019331,0.063095734448019331,1,1,not_applicable,not_applicable,0.035597956141867844,1.0000000000000002,0.01,100
F07,negative_control,fixed_operational_horizon,identity_t=u,0.079432823472428138,0.079432823472428138,1,1,not_applicable,not_applicable,0.044815171594931674,1.0000000000000002,0.01,100
F07,negative_control,fixed_operational_horizon,identity_t=u,0.10000000000000001,0.10000000000000001,1,1,not_applicable,not_applicable,0.056418958354775631,1.0000000000000002,0.01,100
F07,negative_control,fixed_operational_horizon,identity_t=u,0.12589254117941676,0.12589254117941676,1,1,not_applicable,not_applicable,0.071027260379783894,1.0000000000000002,0.01,100
F07,negative_control,fixed_operational_horizon,identity_t=u,0.15848931924611143,0.15848931924611143,1,1,not_applicable,not_applicable,0.089418023022230994,1.0000000000000002,0.01,100
F07,negative_control,fixed_operational_horizon,identity_t=u,0.19952623149688797,0.19952623149688797,1,1,not_applicable,not_applicable,0.11257062145508244,1.0000000000000002,0.01,100
F07,negative_control,fixed_operational_horizon,identity_t=u,0.25118864315095807,0.25118864315095807,1,1,not_applicable,not_applicable,0.14171801597126499,1.0000000000000002,0.01,100
F07,negative_control,fixed_operational_horizon,identity_t=u,0.31622776601683794,0.31622776601683794,1,1,not_applicable,not_applicable,0.1784124116152771,1.0000000000000002,0.01,100
F07,negative_control,fixed_operational_horizon,identity_t=u,0.39810717055349731,0.39810717055349731,1,1,not_applicable,not_applicable,0.22460791876195324,1.0000000000000002,0.01,100
F07,negative_control,fixed_operational_horizon,identity_t=u,0.50118723362727247,0.50118723362727247,1,1,not_applicable,not_applicable,0.28276461661962288,1.0000000000000002,0.01,100
F07,negative_control,fixed_operational_horizon,identity_t=u,0.63095734448019336,0.63095734448019336,1,1,not_applicable,not_applicable,0.35597956141867848,1.0000000000000002,0.01,100
F07,negative_control,fixed_operational_horizon,identity_t=u,0.79432823472428171,0.79432823472428171,1,1,not_applicable,not_applicable,0.44815171594931691,1.0000000000000002,0.01,100
F07,negative_control,fixed_operational_horizon,identity_t=u,1,1,1,1,not_applicable,not_applicable,0.56418958354775628,1.0000000000000002,0.01,100
F07,negative_control,fixed_operational_horizon,identity_t=u,1.2589254117941675,1.2589254117941675,1,1,not_applicable,not_applicable,0.71027260379783896,1.0000000000000002,0.01,100
F07,negative_control,fixed_operational_horizon,identity_t=u,1.584893192461114,1.584893192461114,1,1,not_applicable,not_applicable,0.89418023022230986,1.0000000000000002,0.01,100
F07,negative_control,fixed_operational_horizon,identity_t=u,1.9952623149688808,1.9952623149688808,1,1,not_applicable,not_applicable,1.125706214550825,1.0000000000000002,0.01,100
F07,negative_control,fixed_operational_horizon,identity_t=u,2.5118864315095824,2.5118864315095824,1,1,not_applicable,not_applicable,1.417180159712651,1.0000000000000002,0.01,100
F07,negative_control,fixed_operational_horizon,identity_t=u,3.1622776601683795,3.1622776601683795,1,1,not_applicable,not_applicable,1.7841241161527712,1.0000000000000002,0.01,100
F07,negative_control,fixed_operational_horizon,identity_t=u,3.9810717055349731,3.9810717055349731,1,1,not_applicable,not_applicable,2.2460791876195323,1.0000000000000002,0.01,100
F07,negative_control,fixed_operational_horizon,identity_t=u,5.0118723362727247,5.0118723362727247,1,1,not_applicable,not_applicable,2.8276461661962289,1.0000000000000002,0.01,100
F07,negative_control,fixed_operational_horizon,identity_t=u,6.309573444801936,6.309573444801936,1,1,not_applicable,not_applicable,3.5597956141867861,1.0000000000000002,0.01,100
F07,negative_control,fixed_operational_horizon,identity_t=u,7.9432823472428211,7.9432823472428211,1,1,not_applicable,not_applicable,4.4815171594931709,1.0000000000000002,0.01,100
F07,negative_control,fixed_operational_horizon,identity_t=u,10,10,1,1,not_applicable,not_applicable,5.6418958354775626,1.0000000000000002,0.01,100
F07,negative_control,fixed_operational_horizon,identity_t=u,12.589254117941675,12.589254117941675,1,1,not_applicable,not_applicable,7.102726037978389,1.0000000000000002,0.01,100
F07,negative_control,fixed_operational_horizon,identity_t=u,15.848931924611142,15.848931924611142,1,1,not_applicable,not_applicable,8.941802302223099,1.0000000000000002,0.01,100
F07,negative_control,fixed_operational_horizon,identity_t=u,19.952623149688808,19.952623149688808,1,1,not_applicable,not_applicable,11.25706214550825,1.0000000000000002,0.01,100
F07,negative_control,fixed_operational_horizon,identity_t=u,25.11886431509582,25.11886431509582,1,1,not_applicable,not_applicable,14.171801597126507,1.0000000000000002,0.01,100
F07,negative_control,fixed_operational_horizon,identity_t=u,31.622776601683793,31.622776601683793,1,1,not_applicable,not_applicable,17.841241161527712,1.0000000000000002,0.01,100
F07,negative_control,fixed_operational_horizon,identity_t=u,39.810717055349734,39.810717055349734,1,1,not_applicable,not_applicable,22.460791876195323,1.0000000000000002,0.01,100
F07,negative_control,fixed_operational_horizon,identity_t=u,50.118723362727252,50.118723362727252,1,1,not_applicable,not_applicable,28.276461661962291,1.0000000000000002,0.01,100
F07,negative_control,fixed_operational_horizon,identity_t=u,63.095734448019364,63.095734448019364,1,1,not_applicable,not_applicable,35.597956141867861,1.0000000000000002,0.01,100
F07,negative_control,fixed_operational_horizon,identity_t=u,79.432823472428211,79.432823472428211,1,1,not_applicable,not_applicable,44.815171594931712,1.0000000000000002,0.01,100
F07,negative_control,fixed_operational_horizon,identity_t=u,100,100,1,1,not_applicable,not_applicable,56.418958354775626,1.0000000000000002,0.01,100
F07,clock_illustration,activity_0.5,U(t)=0.5t,0.01,1,0.01,0.02,not_applicable,not_applicable,0.056418958354775631,0.49999999999999989,0.01,100
F07,clock_illustration,activity_0.5,U(t)=0.5t,0.012589254117941675,1,0.012589254117941675,0.02517850823588335,not_applicable,not_applicable,0.063303112446552207,0.49999999999999989,0.01,100
F07,clock_illustration,activity_0.5,U(t)=0.5t,0.015848931924611134,1,0.015848931924611134,0.031697863849222269,not_applicable,not_applicable,0.07102726037978388,0.49999999999999989,0.01,100
F07,clock_illustration,activity_0.5,U(t)=0.5t,0.019952623149688799,1,0.019952623149688799,0.039905246299377597,not_applicable,not_applicable,0.079693896904628206,0.49999999999999989,0.01,100
F07,clock_illustration,activity_0.5,U(t)=0.5t,0.025118864315095794,1,0.025118864315095794,0.050237728630191589,not_applicable,not_applicable,0.089418023022230952,0.49999999999999989,0.01,100
F07,clock_illustration,activity_0.5,U(t)=0.5t,0.031622776601683791,1,0.031622776601683791,0.063245553203367583,not_applicable,not_applicable,0.10032867197814097,0.49999999999999989,0.01,100
F07,clock_illustration,activity_0.5,U(t)=0.5t,0.039810717055349734,1,0.039810717055349734,0.079621434110699468,not_applicable,not_applicable,0.11257062145508244,0.49999999999999989,0.01,100
F07,clock_illustration,activity_0.5,U(t)=0.5t,0.050118723362727248,1,0.050118723362727248,0.1002374467254545,not_applicable,not_applicable,0.12630631468484307,0.49999999999999989,0.01,100
F07,clock_illustration,activity_0.5,U(t)=0.5t,0.063095734448019331,1,0.063095734448019331,0.12619146889603866,not_applicable,not_applicable,0.14171801597126496,0.49999999999999989,0.01,100
F07,clock_illustration,activity_0.5,U(t)=0.5t,0.079432823472428138,1,0.079432823472428138,0.15886564694485628,not_applicable,not_applicable,0.15901022922681968,0.49999999999999989,0.01,100
F07,clock_illustration,activity_0.5,U(t)=0.5t,0.10000000000000001,1,0.10000000000000001,0.20000000000000001,not_applicable,not_applicable,0.1784124116152771,0.49999999999999989,0.01,100
F07,clock_illustration,activity_0.5,U(t)=0.5t,0.12589254117941676,1,0.12589254117941676,0.25178508235883351,not_applicable,not_applicable,0.20018201830885893,0.49999999999999989,0.01,100
F07,clock_illustration,activity_0.5,U(t)=0.5t,0.15848931924611143,1,0.15848931924611143,0.31697863849222285,not_applicable,not_applicable,0.22460791876195327,0.49999999999999989,0.01,100
F07,clock_illustration,activity_0.5,U(t)=0.5t,0.19952623149688797,1,0.19952623149688797,0.39905246299377595,not_applicable,not_applicable,0.25201422983326771,0.49999999999999989,0.01,100
F07,clock_illustration,activity_0.5,U(t)=0.5t,0.25118864315095807,1,0.25118864315095807,0.50237728630191614,not_applicable,not_applicable,0.28276461661962282,0.49999999999999989,0.01,100
F07,clock_illustration,activity_0.5,U(t)=0.5t,0.31622776601683794,1,0.31622776601683794,0.63245553203367588,not_applicable,not_applicable,0.31726711807083646,0.49999999999999989,0.01,100
F07,clock_illustration,activity_0.5,U(t)=0.5t,0.39810717055349731,1,0.39810717055349731,0.79621434110699463,not_applicable,not_applicable,0.35597956141867848,0.49999999999999989,0.01,100
F07,clock_illustration,activity_0.5,U(t)=0.5t,0.50118723362727247,1,0.50118723362727247,1.0023744672545449,not_applicable,not_applicable,0.39941563726607648,0.49999999999999989,0.01,100
F07,clock_illustration,activity_0.5,U(t)=0.5t,0.63095734448019336,1,0.63095734448019336,1.2619146889603867,not_applicable,not_applicable,0.4481517159493168,0.49999999999999989,0.01,100
F07,clock_illustration,activity_0.5,U(t)=0.5t,0.79432823472428171,1,0.79432823472428171,1.5886564694485634,not_applicable,not_applicable,0.50283449562222504,0.49999999999999989,0.01,100
F07,clock_illustration,activity_0.5,U(t)=0.5t,1,1,1,2,not_applicable,not_applicable,0.56418958354775628,0.49999999999999989,0.01,100
F07,clock_illustration,activity_0.5,U(t)=0.5t,1.2589254117941675,1,1.2589254117941675,2.517850823588335,not_applicable,not_applicable,0.63303112446552201,0.49999999999999989,0.01,100
F07,clock_illustration,activity_0.5,U(t)=0.5t,1.584893192461114,1,1.584893192461114,3.1697863849222281,not_applicable,not_applicable,0.71027260379783896,0.49999999999999989,0.01,100
F07,clock_illustration,activity_0.5,U(t)=0.5t,1.9952623149688808,1,1.9952623149688808,3.9905246299377617,not_applicable,not_applicable,0.79693896904628225,0.49999999999999989,0.01,100
F07,clock_illustration,activity_0.5,U(t)=0.5t,2.5118864315095824,1,2.5118864315095824,5.0237728630191647,not_applicable,not_applicable,0.89418023022230997,0.49999999999999989,0.01,100
F07,clock_illustration,activity_0.5,U(t)=0.5t,3.1622776601683795,1,3.1622776601683795,6.324555320336759,not_applicable,not_applicable,1.0032867197814097,0.49999999999999989,0.01,100
F07,clock_illustration,activity_0.5,U(t)=0.5t,3.9810717055349731,1,3.9810717055349731,7.9621434110699463,not_applicable,not_applicable,1.1257062145508245,0.49999999999999989,0.01,100
F07,clock_illustration,activity_0.5,U(t)=0.5t,5.0118723362727247,1,5.0118723362727247,10.023744672545449,not_applicable,not_applicable,1.2630631468484306,0.49999999999999989,0.01,100
F07,clock_illustration,activity_0.5,U(t)=0.5t,6.309573444801936,1,6.309573444801936,12.619146889603872,not_applicable,not_applicable,1.4171801597126501,0.49999999999999989,0.01,100
F07,clock_illustration,activity_0.5,U(t)=0.5t,7.9432823472428211,1,7.9432823472428211,15.886564694485642,not_applicable,not_applicable,1.5901022922681973,0.49999999999999989,0.01,100
F07,clock_illustration,activity_0.5,U(t)=0.5t,10,1,10,20,not_applicable,not_applicable,1.7841241161527712,0.49999999999999989,0.01,100
F07,clock_illustration,activity_0.5,U(t)=0.5t,12.589254117941675,1,12.589254117941675,25.178508235883349,not_applicable,not_applicable,2.0018201830885891,0.49999999999999989,0.01,100
F07,clock_illustration,activity_0.5,U(t)=0.5t,15.848931924611142,1,15.848931924611142,31.697863849222284,not_applicable,not_applicable,2.2460791876195327,0.49999999999999989,0.01,100
F07,clock_illustration,activity_0.5,U(t)=0.5t,19.952623149688808,1,19.952623149688808,39.905246299377616,not_applicable,not_applicable,2.520142298332678,0.49999999999999989,0.01,100
F07,clock_illustration,activity_0.5,U(t)=0.5t,25.11886431509582,1,25.11886431509582,50.23772863019164,not_applicable,not_applicable,2.8276461661962289,0.49999999999999989,0.01,100
F07,clock_illustration,activity_0.5,U(t)=0.5t,31.622776601683793,1,31.622776601683793,63.245553203367585,not_applicable,not_applicable,3.1726711807083645,0.49999999999999989,0.01,100
F07,clock_illustration,activity_0.5,U(t)=0.5t,39.810717055349734,1,39.810717055349734,79.621434110699468,not_applicable,not_applicable,3.5597956141867848,0.49999999999999989,0.01,100
F07,clock_illustration,activity_0.5,U(t)=0.5t,50.118723362727252,1,50.118723362727252,100.2374467254545,not_applicable,not_applicable,3.9941563726607652,0.49999999999999989,0.01,100
F07,clock_illustration,activity_0.5,U(t)=0.5t,63.095734448019364,1,63.095734448019364,126.19146889603873,not_applicable,not_applicable,4.4815171594931691,0.49999999999999989,0.01,100
F07,clock_illustration,activity_0.5,U(t)=0.5t,79.432823472428211,1,79.432823472428211,158.86564694485642,not_applicable,not_applicable,5.0283449562222522,0.49999999999999989,0.01,100
F07,clock_illustration,activity_0.5,U(t)=0.5t,100,1,100,200,not_applicable,not_applicable,5.6418958354775626,0.49999999999999989,0.01,100
F07,clock_illustration,activity_1,U(t)=1t,0.01,1,0.01,0.01,not_applicable,not_applicable,0.056418958354775631,0.49999999999999989,0.01,100
F07,clock_illustration,activity_1,U(t)=1t,0.012589254117941675,1,0.012589254117941675,0.012589254117941675,not_applicable,not_applicable,0.063303112446552207,0.49999999999999989,0.01,100
F07,clock_illustration,activity_1,U(t)=1t,0.015848931924611134,1,0.015848931924611134,0.015848931924611134,not_applicable,not_applicable,0.07102726037978388,0.49999999999999989,0.01,100
F07,clock_illustration,activity_1,U(t)=1t,0.019952623149688799,1,0.019952623149688799,0.019952623149688799,not_applicable,not_applicable,0.079693896904628206,0.49999999999999989,0.01,100
F07,clock_illustration,activity_1,U(t)=1t,0.025118864315095794,1,0.025118864315095794,0.025118864315095794,not_applicable,not_applicable,0.089418023022230952,0.49999999999999989,0.01,100
F07,clock_illustration,activity_1,U(t)=1t,0.031622776601683791,1,0.031622776601683791,0.031622776601683791,not_applicable,not_applicable,0.10032867197814097,0.49999999999999989,0.01,100
F07,clock_illustration,activity_1,U(t)=1t,0.039810717055349734,1,0.039810717055349734,0.039810717055349734,not_applicable,not_applicable,0.11257062145508244,0.49999999999999989,0.01,100
F07,clock_illustration,activity_1,U(t)=1t,0.050118723362727248,1,0.050118723362727248,0.050118723362727248,not_applicable,not_applicable,0.12630631468484307,0.49999999999999989,0.01,100
F07,clock_illustration,activity_1,U(t)=1t,0.063095734448019331,1,0.063095734448019331,0.063095734448019331,not_applicable,not_applicable,0.14171801597126496,0.49999999999999989,0.01,100
F07,clock_illustration,activity_1,U(t)=1t,0.079432823472428138,1,0.079432823472428138,0.079432823472428138,not_applicable,not_applicable,0.15901022922681968,0.49999999999999989,0.01,100
F07,clock_illustration,activity_1,U(t)=1t,0.10000000000000001,1,0.10000000000000001,0.10000000000000001,not_applicable,not_applicable,0.1784124116152771,0.49999999999999989,0.01,100
F07,clock_illustration,activity_1,U(t)=1t,0.12589254117941676,1,0.12589254117941676,0.12589254117941676,not_applicable,not_applicable,0.20018201830885893,0.49999999999999989,0.01,100
F07,clock_illustration,activity_1,U(t)=1t,0.15848931924611143,1,0.15848931924611143,0.15848931924611143,not_applicable,not_applicable,0.22460791876195327,0.49999999999999989,0.01,100
F07,clock_illustration,activity_1,U(t)=1t,0.19952623149688797,1,0.19952623149688797,0.19952623149688797,not_applicable,not_applicable,0.25201422983326771,0.49999999999999989,0.01,100
F07,clock_illustration,activity_1,U(t)=1t,0.25118864315095807,1,0.25118864315095807,0.25118864315095807,not_applicable,not_applicable,0.28276461661962282,0.49999999999999989,0.01,100
F07,clock_illustration,activity_1,U(t)=1t,0.31622776601683794,1,0.31622776601683794,0.31622776601683794,not_applicable,not_applicable,0.31726711807083646,0.49999999999999989,0.01,100
F07,clock_illustration,activity_1,U(t)=1t,0.39810717055349731,1,0.39810717055349731,0.39810717055349731,not_applicable,not_applicable,0.35597956141867848,0.49999999999999989,0.01,100
F07,clock_illustration,activity_1,U(t)=1t,0.50118723362727247,1,0.50118723362727247,0.50118723362727247,not_applicable,not_applicable,0.39941563726607648,0.49999999999999989,0.01,100
F07,clock_illustration,activity_1,U(t)=1t,0.63095734448019336,1,0.63095734448019336,0.63095734448019336,not_applicable,not_applicable,0.4481517159493168,0.49999999999999989,0.01,100
F07,clock_illustration,activity_1,U(t)=1t,0.79432823472428171,1,0.79432823472428171,0.79432823472428171,not_applicable,not_applicable,0.50283449562222504,0.49999999999999989,0.01,100
F07,clock_illustration,activity_1,U(t)=1t,1,1,1,1,not_applicable,not_applicable,0.56418958354775628,0.49999999999999989,0.01,100
F07,clock_illustration,activity_1,U(t)=1t,1.2589254117941675,1,1.2589254117941675,1.2589254117941675,not_applicable,not_applicable,0.63303112446552201,0.49999999999999989,0.01,100
F07,clock_illustration,activity_1,U(t)=1t,1.584893192461114,1,1.584893192461114,1.584893192461114,not_applicable,not_applicable,0.71027260379783896,0.49999999999999989,0.01,100
F07,clock_illustration,activity_1,U(t)=1t,1.9952623149688808,1,1.9952623149688808,1.9952623149688808,not_applicable,not_applicable,0.79693896904628225,0.49999999999999989,0.01,100
F07,clock_illustration,activity_1,U(t)=1t,2.5118864315095824,1,2.5118864315095824,2.5118864315095824,not_applicable,not_applicable,0.89418023022230997,0.49999999999999989,0.01,100
F07,clock_illustration,activity_1,U(t)=1t,3.1622776601683795,1,3.1622776601683795,3.1622776601683795,not_applicable,not_applicable,1.0032867197814097,0.49999999999999989,0.01,100
F07,clock_illustration,activity_1,U(t)=1t,3.9810717055349731,1,3.9810717055349731,3.9810717055349731,not_applicable,not_applicable,1.1257062145508245,0.49999999999999989,0.01,100
F07,clock_illustration,activity_1,U(t)=1t,5.0118723362727247,1,5.0118723362727247,5.0118723362727247,not_applicable,not_applicable,1.2630631468484306,0.49999999999999989,0.01,100
F07,clock_illustration,activity_1,U(t)=1t,6.309573444801936,1,6.309573444801936,6.309573444801936,not_applicable,not_applicable,1.4171801597126501,0.49999999999999989,0.01,100
F07,clock_illustration,activity_1,U(t)=1t,7.9432823472428211,1,7.9432823472428211,7.9432823472428211,not_applicable,not_applicable,1.5901022922681973,0.49999999999999989,0.01,100
F07,clock_illustration,activity_1,U(t)=1t,10,1,10,10,not_applicable,not_applicable,1.7841241161527712,0.49999999999999989,0.01,100
F07,clock_illustration,activity_1,U(t)=1t,12.589254117941675,1,12.589254117941675,12.589254117941675,not_applicable,not_applicable,2.0018201830885891,0.49999999999999989,0.01,100
F07,clock_illustration,activity_1,U(t)=1t,15.848931924611142,1,15.848931924611142,15.848931924611142,not_applicable,not_applicable,2.2460791876195327,0.49999999999999989,0.01,100
F07,clock_illustration,activity_1,U(t)=1t,19.952623149688808,1,19.952623149688808,19.952623149688808,not_applicable,not_applicable,2.520142298332678,0.49999999999999989,0.01,100
F07,clock_illustration,activity_1,U(t)=1t,25.11886431509582,1,25.11886431509582,25.11886431509582,not_applicable,not_applicable,2.8276461661962289,0.49999999999999989,0.01,100
F07,clock_illustration,activity_1,U(t)=1t,31.622776601683793,1,31.622776601683793,31.622776601683793,not_applicable,not_applicable,3.1726711807083645,0.49999999999999989,0.01,100
F07,clock_illustration,activity_1,U(t)=1t,39.810717055349734,1,39.810717055349734,39.810717055349734,not_applicable,not_applicable,3.5597956141867848,0.49999999999999989,0.01,100
F07,clock_illustration,activity_1,U(t)=1t,50.118723362727252,1,50.118723362727252,50.118723362727252,not_applicable,not_applicable,3.9941563726607652,0.49999999999999989,0.01,100
F07,clock_illustration,activity_1,U(t)=1t,63.095734448019364,1,63.095734448019364,63.095734448019364,not_applicable,not_applicable,4.4815171594931691,0.49999999999999989,0.01,100
F07,clock_illustration,activity_1,U(t)=1t,79.432823472428211,1,79.432823472428211,79.432823472428211,not_applicable,not_applicable,5.0283449562222522,0.49999999999999989,0.01,100
F07,clock_illustration,activity_1,U(t)=1t,100,1,100,100,not_applicable,not_applicable,5.6418958354775626,0.49999999999999989,0.01,100
F07,clock_illustration,activity_2,U(t)=2t,0.01,1,0.01,0.0050000000000000001,not_applicable,not_applicable,0.056418958354775631,0.49999999999999989,0.01,100
F07,clock_illustration,activity_2,U(t)=2t,0.012589254117941675,1,0.012589254117941675,0.0062946270589708374,not_applicable,not_applicable,0.063303112446552207,0.49999999999999989,0.01,100
F07,clock_illustration,activity_2,U(t)=2t,0.015848931924611134,1,0.015848931924611134,0.0079244659623055672,not_applicable,not_applicable,0.07102726037978388,0.49999999999999989,0.01,100
F07,clock_illustration,activity_2,U(t)=2t,0.019952623149688799,1,0.019952623149688799,0.0099763115748443994,not_applicable,not_applicable,0.079693896904628206,0.49999999999999989,0.01,100
F07,clock_illustration,activity_2,U(t)=2t,0.025118864315095794,1,0.025118864315095794,0.012559432157547897,not_applicable,not_applicable,0.089418023022230952,0.49999999999999989,0.01,100
F07,clock_illustration,activity_2,U(t)=2t,0.031622776601683791,1,0.031622776601683791,0.015811388300841896,not_applicable,not_applicable,0.10032867197814097,0.49999999999999989,0.01,100
F07,clock_illustration,activity_2,U(t)=2t,0.039810717055349734,1,0.039810717055349734,0.019905358527674867,not_applicable,not_applicable,0.11257062145508244,0.49999999999999989,0.01,100
F07,clock_illustration,activity_2,U(t)=2t,0.050118723362727248,1,0.050118723362727248,0.025059361681363624,not_applicable,not_applicable,0.12630631468484307,0.49999999999999989,0.01,100
F07,clock_illustration,activity_2,U(t)=2t,0.063095734448019331,1,0.063095734448019331,0.031547867224009665,not_applicable,not_applicable,0.14171801597126496,0.49999999999999989,0.01,100
F07,clock_illustration,activity_2,U(t)=2t,0.079432823472428138,1,0.079432823472428138,0.039716411736214069,not_applicable,not_applicable,0.15901022922681968,0.49999999999999989,0.01,100
F07,clock_illustration,activity_2,U(t)=2t,0.10000000000000001,1,0.10000000000000001,0.050000000000000003,not_applicable,not_applicable,0.1784124116152771,0.49999999999999989,0.01,100
F07,clock_illustration,activity_2,U(t)=2t,0.12589254117941676,1,0.12589254117941676,0.062946270589708378,not_applicable,not_applicable,0.20018201830885893,0.49999999999999989,0.01,100
F07,clock_illustration,activity_2,U(t)=2t,0.15848931924611143,1,0.15848931924611143,0.079244659623055713,not_applicable,not_applicable,0.22460791876195327,0.49999999999999989,0.01,100
F07,clock_illustration,activity_2,U(t)=2t,0.19952623149688797,1,0.19952623149688797,0.099763115748443987,not_applicable,not_applicable,0.25201422983326771,0.49999999999999989,0.01,100
F07,clock_illustration,activity_2,U(t)=2t,0.25118864315095807,1,0.25118864315095807,0.12559432157547903,not_applicable,not_applicable,0.28276461661962282,0.49999999999999989,0.01,100
F07,clock_illustration,activity_2,U(t)=2t,0.31622776601683794,1,0.31622776601683794,0.15811388300841897,not_applicable,not_applicable,0.31726711807083646,0.49999999999999989,0.01,100
F07,clock_illustration,activity_2,U(t)=2t,0.39810717055349731,1,0.39810717055349731,0.19905358527674866,not_applicable,not_applicable,0.35597956141867848,0.49999999999999989,0.01,100
F07,clock_illustration,activity_2,U(t)=2t,0.50118723362727247,1,0.50118723362727247,0.25059361681363623,not_applicable,not_applicable,0.39941563726607648,0.49999999999999989,0.01,100
F07,clock_illustration,activity_2,U(t)=2t,0.63095734448019336,1,0.63095734448019336,0.31547867224009668,not_applicable,not_applicable,0.4481517159493168,0.49999999999999989,0.01,100
F07,clock_illustration,activity_2,U(t)=2t,0.79432823472428171,1,0.79432823472428171,0.39716411736214086,not_applicable,not_applicable,0.50283449562222504,0.49999999999999989,0.01,100
F07,clock_illustration,activity_2,U(t)=2t,1,1,1,0.5,not_applicable,not_applicable,0.56418958354775628,0.49999999999999989,0.01,100
F07,clock_illustration,activity_2,U(t)=2t,1.2589254117941675,1,1.2589254117941675,0.62946270589708375,not_applicable,not_applicable,0.63303112446552201,0.49999999999999989,0.01,100
F07,clock_illustration,activity_2,U(t)=2t,1.584893192461114,1,1.584893192461114,0.79244659623055702,not_applicable,not_applicable,0.71027260379783896,0.49999999999999989,0.01,100
F07,clock_illustration,activity_2,U(t)=2t,1.9952623149688808,1,1.9952623149688808,0.99763115748444042,not_applicable,not_applicable,0.79693896904628225,0.49999999999999989,0.01,100
F07,clock_illustration,activity_2,U(t)=2t,2.5118864315095824,1,2.5118864315095824,1.2559432157547912,not_applicable,not_applicable,0.89418023022230997,0.49999999999999989,0.01,100
F07,clock_illustration,activity_2,U(t)=2t,3.1622776601683795,1,3.1622776601683795,1.5811388300841898,not_applicable,not_applicable,1.0032867197814097,0.49999999999999989,0.01,100
F07,clock_illustration,activity_2,U(t)=2t,3.9810717055349731,1,3.9810717055349731,1.9905358527674866,not_applicable,not_applicable,1.1257062145508245,0.49999999999999989,0.01,100
F07,clock_illustration,activity_2,U(t)=2t,5.0118723362727247,1,5.0118723362727247,2.5059361681363623,not_applicable,not_applicable,1.2630631468484306,0.49999999999999989,0.01,100
F07,clock_illustration,activity_2,U(t)=2t,6.309573444801936,1,6.309573444801936,3.154786722400968,not_applicable,not_applicable,1.4171801597126501,0.49999999999999989,0.01,100
F07,clock_illustration,activity_2,U(t)=2t,7.9432823472428211,1,7.9432823472428211,3.9716411736214106,not_applicable,not_applicable,1.5901022922681973,0.49999999999999989,0.01,100
F07,clock_illustration,activity_2,U(t)=2t,10,1,10,5,not_applicable,not_applicable,1.7841241161527712,0.49999999999999989,0.01,100
F07,clock_illustration,activity_2,U(t)=2t,12.589254117941675,1,12.589254117941675,6.2946270589708373,not_applicable,not_applicable,2.0018201830885891,0.49999999999999989,0.01,100
F07,clock_illustration,activity_2,U(t)=2t,15.848931924611142,1,15.848931924611142,7.9244659623055709,not_applicable,not_applicable,2.2460791876195327,0.49999999999999989,0.01,100
F07,clock_illustration,activity_2,U(t)=2t,19.952623149688808,1,19.952623149688808,9.976311574844404,not_applicable,not_applicable,2.520142298332678,0.49999999999999989,0.01,100
F07,clock_illustration,activity_2,U(t)=2t,25.11886431509582,1,25.11886431509582,12.55943215754791,not_applicable,not_applicable,2.8276461661962289,0.49999999999999989,0.01,100
F07,clock_illustration,activity_2,U(t)=2t,31.622776601683793,1,31.622776601683793,15.811388300841896,not_applicable,not_applicable,3.1726711807083645,0.49999999999999989,0.01,100
F07,clock_illustration,activity_2,U(t)=2t,39.810717055349734,1,39.810717055349734,19.905358527674867,not_applicable,not_applicable,3.5597956141867848,0.49999999999999989,0.01,100
F07,clock_illustration,activity_2,U(t)=2t,50.118723362727252,1,50.118723362727252,25.059361681363626,not_applicable,not_applicable,3.9941563726607652,0.49999999999999989,0.01,100
F07,clock_illustration,activity_2,U(t)=2t,63.095734448019364,1,63.095734448019364,31.547867224009682,not_applicable,not_applicable,4.4815171594931691,0.49999999999999989,0.01,100
F07,clock_illustration,activity_2,U(t)=2t,79.432823472428211,1,79.432823472428211,39.716411736214106,not_applicable,not_applicable,5.0283449562222522,0.49999999999999989,0.01,100
F07,clock_illustration,activity_2,U(t)=2t,100,1,100,50,not_applicable,not_applicable,5.6418958354775626,0.49999999999999989,0.01,100
