output_id,output_type,final_filename,script_or_source,helper_function_paths,configuration_path,run_command,caption_path,status,last_checked_date
F02,figure,"figures/python/RDL-F02-v1.2.pdf; figures/python/RDL-F02-v1.2.png",scripts/RDL-F02.py,"functions/clocks.py; functions/impact.py","config/RDL-CFG-v1.1.json; config/RDL-F02-v1.2.json",python3 scripts/RDL-F02.py,captions/RDL-F02-CAP-v1.2.md,reproducible figure candidate,2026-07-10
F03,figure,"figures/python/RDL-F03-v1.0.pdf; figures/python/RDL-F03-v1.0.png",scripts/RDL-F03.py,"functions/acf.py; functions/sign_process.py",config/RDL-CFG-v1.1.json,python3 scripts/RDL-F03.py,captions/RDL-F03-CAP-v1.0.md,reproducible figure candidate,2026-07-10
F05,figure,"figures/python/RDL-F05-v1.1.pdf; figures/python/RDL-F05-v1.1.png",scripts/RDL-F05.py,"functions/impact.py; functions/response.py",config/RDL-CFG-v1.1.json,python3 scripts/RDL-F05.py,captions/RDL-F05-CAP-v1.1.md,reproducible figure candidate,2026-07-10
F06,figure,"figures/python/RDL-F06-v1.0.pdf; figures/python/RDL-F06-v1.0.png",scripts/RDL-F06.py,"functions/impact.py; functions/response.py",config/RDL-CFG-v1.1.json,python3 scripts/RDL-F06.py,captions/RDL-F06-CAP-v1.0.md,reproducible figure candidate,2026-07-10
F07,figure,"figures/python/RDL-F07-v1.0.pdf; figures/python/RDL-F07-v1.0.png",scripts/RDL-F07.py,functions/impact.py,config/RDL-CFG-v1.1.json,python3 scripts/RDL-F07.py,captions/RDL-F07-CAP-v1.0.md,reproducible figure candidate,2026-07-10
F08,figure,"figures/final/RDL-F08-v1.0.pdf; figures/final/RDL-F08-v1.0.png",figures/tikz/RDL-F08-v1.0.tex,,config/RDL-CFG-v1.1.json,see run-notes/RDL-F08-RUN-v1.0.md,captions/RDL-F08-CAP-v1.0.md,reproducible figure candidate,2026-07-10
T01,table,"tables/tex/RDL-T01-v1.0.tex; tables/pdf/RDL-T01-v1.0.pdf",scripts/RDL-TAB.py,,tables/csv/RDL-T01-v1.0.csv,python3 scripts/RDL-TAB.py,captions/RDL-T01-CAP-v1.0.md,diagnostic output,2026-07-10
T02,table,"tables/tex/RDL-T02-v1.0.tex; tables/pdf/RDL-T02-v1.0.pdf",scripts/RDL-TAB.py,,tables/csv/RDL-T02-v1.0.csv,python3 scripts/RDL-TAB.py,captions/RDL-T02-CAP-v1.0.md,diagnostic output,2026-07-10
T03,table,"tables/tex/RDL-T03-v1.0.tex; tables/pdf/RDL-T03-v1.0.pdf",scripts/RDL-TAB.py,,tables/csv/RDL-T03-v1.0.csv,python3 scripts/RDL-TAB.py,captions/RDL-T03-CAP-v1.0.md,diagnostic output,2026-07-10
T04,table,"tables/tex/RDL-T04-v1.0.tex; tables/pdf/RDL-T04-v1.0.pdf",scripts/RDL-TAB.py,,tables/csv/RDL-T04-v1.0.csv,python3 scripts/RDL-TAB.py,captions/RDL-T04-CAP-v1.0.md,diagnostic output,2026-07-10
