target_id,route_id,clock_id,event_index,waiting_time,event_timestamp,declared_mean,seed_context
F02,A,constant,1,1,1,1,deterministic
F02,A,constant,2,1,2,1,deterministic
F02,A,constant,3,1,3,1,deterministic
F02,A,constant,4,1,4,1,deterministic
F02,A,constant,5,1,5,1,deterministic
F02,A,constant,6,1,6,1,deterministic
F02,A,constant,7,1,7,1,deterministic
F02,A,constant,8,1,8,1,deterministic
F02,A,constant,9,1,9,1,deterministic
F02,A,constant,10,1,10,1,deterministic
F02,A,constant,11,1,11,1,deterministic
F02,A,constant,12,1,12,1,deterministic
F02,A,constant,13,1,13,1,deterministic
F02,A,constant,14,1,14,1,deterministic
F02,A,constant,15,1,15,1,deterministic
F02,A,constant,16,1,16,1,deterministic
F02,A,constant,17,1,17,1,deterministic
F02,A,constant,18,1,18,1,deterministic
F02,A,constant,19,1,19,1,deterministic
F02,A,constant,20,1,20,1,deterministic
F02,A,constant,21,1,21,1,deterministic
F02,A,constant,22,1,22,1,deterministic
F02,A,constant,23,1,23,1,deterministic
F02,A,constant,24,1,24,1,deterministic
F02,A,constant,25,1,25,1,deterministic
F02,A,constant,26,1,26,1,deterministic
F02,A,constant,27,1,27,1,deterministic
F02,A,constant,28,1,28,1,deterministic
F02,A,constant,29,1,29,1,deterministic
F02,A,constant,30,1,30,1,deterministic
F02,A,constant,31,1,31,1,deterministic
F02,A,constant,32,1,32,1,deterministic
F02,A,constant,33,1,33,1,deterministic
F02,A,constant,34,1,34,1,deterministic
F02,A,constant,35,1,35,1,deterministic
F02,A,constant,36,1,36,1,deterministic
F02,A,constant,37,1,37,1,deterministic
F02,A,constant,38,1,38,1,deterministic
F02,A,constant,39,1,39,1,deterministic
F02,A,constant,40,1,40,1,deterministic
F02,A,constant,41,1,41,1,deterministic
F02,A,constant,42,1,42,1,deterministic
F02,A,constant,43,1,43,1,deterministic
F02,A,constant,44,1,44,1,deterministic
F02,A,constant,45,1,45,1,deterministic
F02,A,constant,46,1,46,1,deterministic
F02,A,constant,47,1,47,1,deterministic
F02,A,constant,48,1,48,1,deterministic
F02,A,constant,49,1,49,1,deterministic
F02,A,constant,50,1,50,1,deterministic
F02,A,constant,51,1,51,1,deterministic
F02,A,constant,52,1,52,1,deterministic
F02,A,constant,53,1,53,1,deterministic
F02,A,constant,54,1,54,1,deterministic
F02,A,constant,55,1,55,1,deterministic
F02,A,constant,56,1,56,1,deterministic
F02,A,constant,57,1,57,1,deterministic
F02,A,constant,58,1,58,1,deterministic
F02,A,constant,59,1,59,1,deterministic
F02,A,constant,60,1,60,1,deterministic
F02,A,constant,61,1,61,1,deterministic
F02,A,constant,62,1,62,1,deterministic
F02,A,constant,63,1,63,1,deterministic
F02,A,constant,64,1,64,1,deterministic
F02,A,constant,65,1,65,1,deterministic
F02,A,constant,66,1,66,1,deterministic
F02,A,constant,67,1,67,1,deterministic
F02,A,constant,68,1,68,1,deterministic
F02,A,constant,69,1,69,1,deterministic
F02,A,constant,70,1,70,1,deterministic
F02,A,constant,71,1,71,1,deterministic
F02,A,constant,72,1,72,1,deterministic
F02,A,constant,73,1,73,1,deterministic
F02,A,constant,74,1,74,1,deterministic
F02,A,constant,75,1,75,1,deterministic
F02,A,constant,76,1,76,1,deterministic
F02,A,constant,77,1,77,1,deterministic
F02,A,constant,78,1,78,1,deterministic
F02,A,constant,79,1,79,1,deterministic
F02,A,constant,80,1,80,1,deterministic
F02,A,constant,81,1,81,1,deterministic
F02,A,constant,82,1,82,1,deterministic
F02,A,constant,83,1,83,1,deterministic
F02,A,constant,84,1,84,1,deterministic
F02,A,constant,85,1,85,1,deterministic
F02,A,constant,86,1,86,1,deterministic
F02,A,constant,87,1,87,1,deterministic
F02,A,constant,88,1,88,1,deterministic
F02,A,constant,89,1,89,1,deterministic
F02,A,constant,90,1,90,1,deterministic
F02,A,constant,91,1,91,1,deterministic
F02,A,constant,92,1,92,1,deterministic
F02,A,constant,93,1,93,1,deterministic
F02,A,constant,94,1,94,1,deterministic
F02,A,constant,95,1,95,1,deterministic
F02,A,constant,96,1,96,1,deterministic
F02,A,constant,97,1,97,1,deterministic
F02,A,constant,98,1,98,1,deterministic
F02,A,constant,99,1,99,1,deterministic
F02,A,constant,100,1,100,1,deterministic
F02,A,constant,101,1,101,1,deterministic
F02,A,constant,102,1,102,1,deterministic
F02,A,constant,103,1,103,1,deterministic
F02,A,constant,104,1,104,1,deterministic
F02,A,constant,105,1,105,1,deterministic
F02,A,constant,106,1,106,1,deterministic
F02,A,constant,107,1,107,1,deterministic
F02,A,constant,108,1,108,1,deterministic
F02,A,constant,109,1,109,1,deterministic
F02,A,constant,110,1,110,1,deterministic
F02,A,constant,111,1,111,1,deterministic
F02,A,constant,112,1,112,1,deterministic
F02,A,constant,113,1,113,1,deterministic
F02,A,constant,114,1,114,1,deterministic
F02,A,constant,115,1,115,1,deterministic
F02,A,constant,116,1,116,1,deterministic
F02,A,constant,117,1,117,1,deterministic
F02,A,constant,118,1,118,1,deterministic
F02,A,constant,119,1,119,1,deterministic
F02,A,constant,120,1,120,1,deterministic
F02,A,constant,121,1,121,1,deterministic
F02,A,constant,122,1,122,1,deterministic
F02,A,constant,123,1,123,1,deterministic
F02,A,constant,124,1,124,1,deterministic
F02,A,constant,125,1,125,1,deterministic
F02,A,constant,126,1,126,1,deterministic
F02,A,constant,127,1,127,1,deterministic
F02,A,constant,128,1,128,1,deterministic
F02,A,constant,129,1,129,1,deterministic
F02,A,constant,130,1,130,1,deterministic
F02,A,constant,131,1,131,1,deterministic
F02,A,constant,132,1,132,1,deterministic
F02,A,constant,133,1,133,1,deterministic
F02,A,constant,134,1,134,1,deterministic
F02,A,constant,135,1,135,1,deterministic
F02,A,constant,136,1,136,1,deterministic
F02,A,constant,137,1,137,1,deterministic
F02,A,constant,138,1,138,1,deterministic
F02,A,constant,139,1,139,1,deterministic
F02,A,constant,140,1,140,1,deterministic
F02,A,constant,141,1,141,1,deterministic
F02,A,constant,142,1,142,1,deterministic
F02,A,constant,143,1,143,1,deterministic
F02,A,constant,144,1,144,1,deterministic
F02,A,constant,145,1,145,1,deterministic
F02,A,constant,146,1,146,1,deterministic
F02,A,constant,147,1,147,1,deterministic
F02,A,constant,148,1,148,1,deterministic
F02,A,constant,149,1,149,1,deterministic
F02,A,constant,150,1,150,1,deterministic
F02,A,constant,151,1,151,1,deterministic
F02,A,constant,152,1,152,1,deterministic
F02,A,constant,153,1,153,1,deterministic
F02,A,constant,154,1,154,1,deterministic
F02,A,constant,155,1,155,1,deterministic
F02,A,constant,156,1,156,1,deterministic
F02,A,constant,157,1,157,1,deterministic
F02,A,constant,158,1,158,1,deterministic
F02,A,constant,159,1,159,1,deterministic
F02,A,constant,160,1,160,1,deterministic
F02,A,constant,161,1,161,1,deterministic
F02,A,constant,162,1,162,1,deterministic
F02,A,constant,163,1,163,1,deterministic
F02,A,constant,164,1,164,1,deterministic
F02,A,constant,165,1,165,1,deterministic
F02,A,constant,166,1,166,1,deterministic
F02,A,constant,167,1,167,1,deterministic
F02,A,constant,168,1,168,1,deterministic
F02,A,constant,169,1,169,1,deterministic
F02,A,constant,170,1,170,1,deterministic
F02,A,constant,171,1,171,1,deterministic
F02,A,constant,172,1,172,1,deterministic
F02,A,constant,173,1,173,1,deterministic
F02,A,constant,174,1,174,1,deterministic
F02,A,constant,175,1,175,1,deterministic
F02,A,constant,176,1,176,1,deterministic
F02,A,constant,177,1,177,1,deterministic
F02,A,constant,178,1,178,1,deterministic
F02,A,constant,179,1,179,1,deterministic
F02,A,constant,180,1,180,1,deterministic
F02,A,constant,181,1,181,1,deterministic
F02,A,constant,182,1,182,1,deterministic
F02,A,constant,183,1,183,1,deterministic
F02,A,constant,184,1,184,1,deterministic
F02,A,constant,185,1,185,1,deterministic
F02,A,constant,186,1,186,1,deterministic
F02,A,constant,187,1,187,1,deterministic
F02,A,constant,188,1,188,1,deterministic
F02,A,constant,189,1,189,1,deterministic
F02,A,constant,190,1,190,1,deterministic
F02,A,constant,191,1,191,1,deterministic
F02,A,constant,192,1,192,1,deterministic
F02,A,constant,193,1,193,1,deterministic
F02,A,constant,194,1,194,1,deterministic
F02,A,constant,195,1,195,1,deterministic
F02,A,constant,196,1,196,1,deterministic
F02,A,constant,197,1,197,1,deterministic
F02,A,constant,198,1,198,1,deterministic
F02,A,constant,199,1,199,1,deterministic
F02,A,constant,200,1,200,1,deterministic
F02,A,constant,201,1,201,1,deterministic
F02,A,constant,202,1,202,1,deterministic
F02,A,constant,203,1,203,1,deterministic
F02,A,constant,204,1,204,1,deterministic
F02,A,constant,205,1,205,1,deterministic
F02,A,constant,206,1,206,1,deterministic
F02,A,constant,207,1,207,1,deterministic
F02,A,constant,208,1,208,1,deterministic
F02,A,constant,209,1,209,1,deterministic
F02,A,constant,210,1,210,1,deterministic
F02,A,constant,211,1,211,1,deterministic
F02,A,constant,212,1,212,1,deterministic
F02,A,constant,213,1,213,1,deterministic
F02,A,constant,214,1,214,1,deterministic
F02,A,constant,215,1,215,1,deterministic
F02,A,constant,216,1,216,1,deterministic
F02,A,constant,217,1,217,1,deterministic
F02,A,constant,218,1,218,1,deterministic
F02,A,constant,219,1,219,1,deterministic
F02,A,constant,220,1,220,1,deterministic
F02,A,constant,221,1,221,1,deterministic
F02,A,constant,222,1,222,1,deterministic
F02,A,constant,223,1,223,1,deterministic
F02,A,constant,224,1,224,1,deterministic
F02,A,constant,225,1,225,1,deterministic
F02,A,constant,226,1,226,1,deterministic
F02,A,constant,227,1,227,1,deterministic
F02,A,constant,228,1,228,1,deterministic
F02,A,constant,229,1,229,1,deterministic
F02,A,constant,230,1,230,1,deterministic
F02,A,constant,231,1,231,1,deterministic
F02,A,constant,232,1,232,1,deterministic
F02,A,constant,233,1,233,1,deterministic
F02,A,constant,234,1,234,1,deterministic
F02,A,constant,235,1,235,1,deterministic
F02,A,constant,236,1,236,1,deterministic
F02,A,constant,237,1,237,1,deterministic
F02,A,constant,238,1,238,1,deterministic
F02,A,constant,239,1,239,1,deterministic
F02,A,constant,240,1,240,1,deterministic
F02,A,constant,241,1,241,1,deterministic
F02,A,constant,242,1,242,1,deterministic
F02,A,constant,243,1,243,1,deterministic
F02,A,constant,244,1,244,1,deterministic
F02,A,constant,245,1,245,1,deterministic
F02,A,constant,246,1,246,1,deterministic
F02,A,constant,247,1,247,1,deterministic
F02,A,constant,248,1,248,1,deterministic
F02,A,constant,249,1,249,1,deterministic
F02,A,constant,250,1,250,1,deterministic
F02,A,constant,251,1,251,1,deterministic
F02,A,constant,252,1,252,1,deterministic
F02,A,constant,253,1,253,1,deterministic
F02,A,constant,254,1,254,1,deterministic
F02,A,constant,255,1,255,1,deterministic
F02,A,constant,256,1,256,1,deterministic
F02,A,exponential,1,1.5895941410891603,1.5895941410891603,1,"[20260710,2,1,0]"
F02,A,exponential,2,0.71007612198720138,2.2996702630763615,1,"[20260710,2,1,0]"
F02,A,exponential,3,0.52867347370525386,2.8283437367816155,1,"[20260710,2,1,0]"
F02,A,exponential,4,0.23468202102486821,3.0630257578064839,1,"[20260710,2,1,0]"
F02,A,exponential,5,3.6239774974330561,6.6870032552395404,1,"[20260710,2,1,0]"
F02,A,exponential,6,0.61355148179340779,7.3005547370329484,1,"[20260710,2,1,0]"
F02,A,exponential,7,3.5402183833616987,10.840773120394648,1,"[20260710,2,1,0]"
F02,A,exponential,8,0.3509822229331177,11.191755343327765,1,"[20260710,2,1,0]"
F02,A,exponential,9,0.41735686530801058,11.609112208635775,1,"[20260710,2,1,0]"
F02,A,exponential,10,0.075201584704450458,11.684313793340225,1,"[20260710,2,1,0]"
F02,A,exponential,11,0.8437505434201219,12.528064336760346,1,"[20260710,2,1,0]"
F02,A,exponential,12,3.3819741636550447,15.910038500415391,1,"[20260710,2,1,0]"
F02,A,exponential,13,0.38743969444344362,16.297478194858833,1,"[20260710,2,1,0]"
F02,A,exponential,14,0.13262122622178138,16.430099421080616,1,"[20260710,2,1,0]"
F02,A,exponential,15,0.56592826587335454,16.996027686953969,1,"[20260710,2,1,0]"
F02,A,exponential,16,0.53891959238797871,17.534947279341949,1,"[20260710,2,1,0]"
F02,A,exponential,17,1.2333823130892558,18.768329592431204,1,"[20260710,2,1,0]"
F02,A,exponential,18,0.4575002143000052,19.225829806731209,1,"[20260710,2,1,0]"
F02,A,exponential,19,0.40658102946894409,19.632410836200155,1,"[20260710,2,1,0]"
F02,A,exponential,20,0.40845122822122953,20.040862064421383,1,"[20260710,2,1,0]"
F02,A,exponential,21,2.7970941517177623,22.837956216139144,1,"[20260710,2,1,0]"
F02,A,exponential,22,0.57151756396729769,23.409473780106442,1,"[20260710,2,1,0]"
F02,A,exponential,23,0.25627034606841353,23.665744126174854,1,"[20260710,2,1,0]"
F02,A,exponential,24,1.4845324763615146,25.150276602536369,1,"[20260710,2,1,0]"
F02,A,exponential,25,0.74861372459830744,25.898890327134676,1,"[20260710,2,1,0]"
F02,A,exponential,26,0.80319929390270961,26.702089621037388,1,"[20260710,2,1,0]"
F02,A,exponential,27,0.24912470200240988,26.951214323039796,1,"[20260710,2,1,0]"
F02,A,exponential,28,3.0969285161064657,30.048142839146262,1,"[20260710,2,1,0]"
F02,A,exponential,29,0.29414040266816038,30.342283241814421,1,"[20260710,2,1,0]"
F02,A,exponential,30,0.72623684650372466,31.068520088318145,1,"[20260710,2,1,0]"
F02,A,exponential,31,0.78688066615962904,31.855400754477774,1,"[20260710,2,1,0]"
F02,A,exponential,32,0.56458079969419894,32.419981554171976,1,"[20260710,2,1,0]"
F02,A,exponential,33,0.39199912246284441,32.811980676634818,1,"[20260710,2,1,0]"
F02,A,exponential,34,1.0443945720718615,33.856375248706676,1,"[20260710,2,1,0]"
F02,A,exponential,35,1.9470480764452234,35.803423325151897,1,"[20260710,2,1,0]"
F02,A,exponential,36,0.75519240612235827,36.558615731274259,1,"[20260710,2,1,0]"
F02,A,exponential,37,0.23857956189473808,36.797195293168997,1,"[20260710,2,1,0]"
F02,A,exponential,38,2.1978119083820906,38.99500720155109,1,"[20260710,2,1,0]"
F02,A,exponential,39,1.1040357528851066,40.099042954436193,1,"[20260710,2,1,0]"
F02,A,exponential,40,0.24082515363084586,40.339868108067037,1,"[20260710,2,1,0]"
F02,A,exponential,41,2.9013098504521446,43.241177958519181,1,"[20260710,2,1,0]"
F02,A,exponential,42,0.55553591441362926,43.796713872932813,1,"[20260710,2,1,0]"
F02,A,exponential,43,9.4944040017183013,53.291117874651114,1,"[20260710,2,1,0]"
F02,A,exponential,44,0.62924353291784052,53.920361407568954,1,"[20260710,2,1,0]"
F02,A,exponential,45,0.24100674312311418,54.16136815069207,1,"[20260710,2,1,0]"
F02,A,exponential,46,0.79090270183579292,54.95227085252786,1,"[20260710,2,1,0]"
F02,A,exponential,47,0.20817016901468902,55.160441021542546,1,"[20260710,2,1,0]"
F02,A,exponential,48,0.37261625211999033,55.533057273662536,1,"[20260710,2,1,0]"
F02,A,exponential,49,0.02538129522300453,55.558438568885542,1,"[20260710,2,1,0]"
F02,A,exponential,50,2.2098044878952154,57.768243056780754,1,"[20260710,2,1,0]"
F02,A,exponential,51,1.0042570206849941,58.77250007746575,1,"[20260710,2,1,0]"
F02,A,exponential,52,0.1771785503370068,58.949678627802754,1,"[20260710,2,1,0]"
F02,A,exponential,53,1.4254518274081622,60.375130455210915,1,"[20260710,2,1,0]"
F02,A,exponential,54,0.041855751351550292,60.416986206562463,1,"[20260710,2,1,0]"
F02,A,exponential,55,0.6182131681665286,61.03519937472899,1,"[20260710,2,1,0]"
F02,A,exponential,56,0.95240090965764523,61.987600284386637,1,"[20260710,2,1,0]"
F02,A,exponential,57,0.78100683570630036,62.768607120092938,1,"[20260710,2,1,0]"
F02,A,exponential,58,0.075315425845395426,62.843922545938334,1,"[20260710,2,1,0]"
F02,A,exponential,59,0.68837438960972164,63.532296935548054,1,"[20260710,2,1,0]"
F02,A,exponential,60,1.9400898861583449,65.472386821706394,1,"[20260710,2,1,0]"
F02,A,exponential,61,0.81369708590590017,66.286083907612294,1,"[20260710,2,1,0]"
F02,A,exponential,62,0.78116104085373039,67.067244948466026,1,"[20260710,2,1,0]"
F02,A,exponential,63,0.30744944686553011,67.374694395331559,1,"[20260710,2,1,0]"
F02,A,exponential,64,0.13485168433505859,67.50954607966662,1,"[20260710,2,1,0]"
F02,A,exponential,65,2.0193166688246889,69.528862748491306,1,"[20260710,2,1,0]"
F02,A,exponential,66,0.43013709260401617,69.95899984109532,1,"[20260710,2,1,0]"
F02,A,exponential,67,0.26899977109453638,70.227999612189862,1,"[20260710,2,1,0]"
F02,A,exponential,68,0.042915513767215356,70.270915125957075,1,"[20260710,2,1,0]"
F02,A,exponential,69,0.63740614625689795,70.908321272213968,1,"[20260710,2,1,0]"
F02,A,exponential,70,0.2293302903903936,71.137651562604361,1,"[20260710,2,1,0]"
F02,A,exponential,71,1.5994604996698154,72.737112062274178,1,"[20260710,2,1,0]"
F02,A,exponential,72,0.85325167089183118,73.590363733166015,1,"[20260710,2,1,0]"
F02,A,exponential,73,0.59842116683639623,74.188784900002418,1,"[20260710,2,1,0]"
F02,A,exponential,74,0.6264002773523164,74.815185177354735,1,"[20260710,2,1,0]"
F02,A,exponential,75,0.35886878372574094,75.174053961080475,1,"[20260710,2,1,0]"
F02,A,exponential,76,0.44544565131588659,75.619499612396368,1,"[20260710,2,1,0]"
F02,A,exponential,77,1.9567098329014923,77.576209445297863,1,"[20260710,2,1,0]"
F02,A,exponential,78,0.56507153461057669,78.141280979908444,1,"[20260710,2,1,0]"
F02,A,exponential,79,2.6853783770061845,80.826659356914632,1,"[20260710,2,1,0]"
F02,A,exponential,80,1.784397477155349,82.611056834069984,1,"[20260710,2,1,0]"
F02,A,exponential,81,2.5292327386692488,85.140289572739235,1,"[20260710,2,1,0]"
F02,A,exponential,82,0.79582995936179224,85.936119532101031,1,"[20260710,2,1,0]"
F02,A,exponential,83,1.0009552979122758,86.937074830013302,1,"[20260710,2,1,0]"
F02,A,exponential,84,0.16067714462454794,87.097751974637845,1,"[20260710,2,1,0]"
F02,A,exponential,85,1.8730627975303227,88.970814772168168,1,"[20260710,2,1,0]"
F02,A,exponential,86,2.1876212965910824,91.158436068759244,1,"[20260710,2,1,0]"
F02,A,exponential,87,1.6859354960284125,92.84437156478765,1,"[20260710,2,1,0]"
F02,A,exponential,88,0.94099309328713032,93.785364658074784,1,"[20260710,2,1,0]"
F02,A,exponential,89,1.0462919138067583,94.831656571881538,1,"[20260710,2,1,0]"
F02,A,exponential,90,3.1955380377871032,98.027194609668641,1,"[20260710,2,1,0]"
F02,A,exponential,91,0.066012288895702598,98.093206898564347,1,"[20260710,2,1,0]"
F02,A,exponential,92,0.14152856147776946,98.234735460042117,1,"[20260710,2,1,0]"
F02,A,exponential,93,0.10895259443047359,98.343688054472594,1,"[20260710,2,1,0]"
F02,A,exponential,94,0.286113867401662,98.629801921874261,1,"[20260710,2,1,0]"
F02,A,exponential,95,0.91444906206659804,99.544250983940856,1,"[20260710,2,1,0]"
F02,A,exponential,96,1.2190538325136904,100.76330481645455,1,"[20260710,2,1,0]"
F02,A,exponential,97,1.6848817319297922,102.44818654838434,1,"[20260710,2,1,0]"
F02,A,exponential,98,0.4919164327704254,102.94010298115477,1,"[20260710,2,1,0]"
F02,A,exponential,99,0.28749631477127652,103.22759929592604,1,"[20260710,2,1,0]"
F02,A,exponential,100,0.56344523311112882,103.79104452903717,1,"[20260710,2,1,0]"
F02,A,exponential,101,0.61644381126210601,104.40748834029927,1,"[20260710,2,1,0]"
F02,A,exponential,102,0.22632239271348109,104.63381073301275,1,"[20260710,2,1,0]"
F02,A,exponential,103,0.14542880268662717,104.77923953569938,1,"[20260710,2,1,0]"
F02,A,exponential,104,0.25562152348232353,105.03486105918169,1,"[20260710,2,1,0]"
F02,A,exponential,105,0.037031126828580854,105.07189218601027,1,"[20260710,2,1,0]"
F02,A,exponential,106,0.57631004738659908,105.64820223339687,1,"[20260710,2,1,0]"
F02,A,exponential,107,0.4710121986785637,106.11921443207544,1,"[20260710,2,1,0]"
F02,A,exponential,108,0.23068859184025262,106.34990302391569,1,"[20260710,2,1,0]"
F02,A,exponential,109,0.9032823553833752,107.25318537929907,1,"[20260710,2,1,0]"
F02,A,exponential,110,0.015328227482331046,107.2685136067814,1,"[20260710,2,1,0]"
F02,A,exponential,111,0.3099161015902861,107.57842970837169,1,"[20260710,2,1,0]"
F02,A,exponential,112,0.18084498424935211,107.75927469262103,1,"[20260710,2,1,0]"
F02,A,exponential,113,1.3455967607124304,109.10487145333346,1,"[20260710,2,1,0]"
F02,A,exponential,114,1.8009076613175523,110.90577911465101,1,"[20260710,2,1,0]"
F02,A,exponential,115,1.1502404284665375,112.05601954311754,1,"[20260710,2,1,0]"
F02,A,exponential,116,1.1137638698892203,113.16978341300677,1,"[20260710,2,1,0]"
F02,A,exponential,117,0.51077638411416892,113.68055979712094,1,"[20260710,2,1,0]"
F02,A,exponential,118,1.5123115687871138,115.19287136590805,1,"[20260710,2,1,0]"
F02,A,exponential,119,0.18723650359388344,115.38010786950193,1,"[20260710,2,1,0]"
F02,A,exponential,120,0.98553179054908369,116.36563966005102,1,"[20260710,2,1,0]"
F02,A,exponential,121,0.42380307494230285,116.78944273499332,1,"[20260710,2,1,0]"
F02,A,exponential,122,1.3405226004941639,118.12996533548748,1,"[20260710,2,1,0]"
F02,A,exponential,123,1.8315066270033875,119.96147196249088,1,"[20260710,2,1,0]"
F02,A,exponential,124,0.22077612142263017,120.18224808391351,1,"[20260710,2,1,0]"
F02,A,exponential,125,0.79288484908295342,120.97513293299646,1,"[20260710,2,1,0]"
F02,A,exponential,126,0.8359648084334943,121.81109774142995,1,"[20260710,2,1,0]"
F02,A,exponential,127,0.6368588302094379,122.44795657163938,1,"[20260710,2,1,0]"
F02,A,exponential,128,1.6380077309138663,124.08596430255325,1,"[20260710,2,1,0]"
F02,A,exponential,129,0.026848754617316863,124.11281305717057,1,"[20260710,2,1,0]"
F02,A,exponential,130,0.86786935072925964,124.98068240789983,1,"[20260710,2,1,0]"
F02,A,exponential,131,0.61774804380541004,125.59843045170524,1,"[20260710,2,1,0]"
F02,A,exponential,132,0.50338096499008089,126.10181141669533,1,"[20260710,2,1,0]"
F02,A,exponential,133,1.4214324272745622,127.52324384396989,1,"[20260710,2,1,0]"
F02,A,exponential,134,4.5296553737151015,132.052899217685,1,"[20260710,2,1,0]"
F02,A,exponential,135,0.53800413540373593,132.59090335308872,1,"[20260710,2,1,0]"
F02,A,exponential,136,0.67039969509881747,133.26130304818753,1,"[20260710,2,1,0]"
F02,A,exponential,137,0.93647835269878221,134.1977814008863,1,"[20260710,2,1,0]"
F02,A,exponential,138,0.21077724250168095,134.40855864338798,1,"[20260710,2,1,0]"
F02,A,exponential,139,1.114252254080851,135.52281089746882,1,"[20260710,2,1,0]"
F02,A,exponential,140,0.79207156410983171,136.31488246157863,1,"[20260710,2,1,0]"
F02,A,exponential,141,1.1094067127610736,137.42428917433972,1,"[20260710,2,1,0]"
F02,A,exponential,142,0.076397711503880694,137.50068688584361,1,"[20260710,2,1,0]"
F02,A,exponential,143,0.77066745758929445,138.2713543434329,1,"[20260710,2,1,0]"
F02,A,exponential,144,1.4922468446006827,139.76360118803359,1,"[20260710,2,1,0]"
F02,A,exponential,145,0.7820631104500515,140.54566429848364,1,"[20260710,2,1,0]"
F02,A,exponential,146,1.5860545710918246,142.13171886957548,1,"[20260710,2,1,0]"
F02,A,exponential,147,0.63506246681380851,142.7667813363893,1,"[20260710,2,1,0]"
F02,A,exponential,148,0.98783880004466473,143.75462013643397,1,"[20260710,2,1,0]"
F02,A,exponential,149,0.68358992153427567,144.43821005796823,1,"[20260710,2,1,0]"
F02,A,exponential,150,0.24143738285625024,144.67964744082448,1,"[20260710,2,1,0]"
F02,A,exponential,151,0.91678607459913919,145.59643351542363,1,"[20260710,2,1,0]"
F02,A,exponential,152,1.9325075139722432,147.52894102939587,1,"[20260710,2,1,0]"
F02,A,exponential,153,1.7280125277567944,149.25695355715266,1,"[20260710,2,1,0]"
F02,A,exponential,154,0.27517678810458773,149.53213034525723,1,"[20260710,2,1,0]"
F02,A,exponential,155,1.0042471739399876,150.53637751919723,1,"[20260710,2,1,0]"
F02,A,exponential,156,0.27085153082218311,150.8072290500194,1,"[20260710,2,1,0]"
F02,A,exponential,157,1.4467621181251846,152.25399116814458,1,"[20260710,2,1,0]"
F02,A,exponential,158,1.7772186301116841,154.03120979825627,1,"[20260710,2,1,0]"
F02,A,exponential,159,0.40453638661473917,154.43574618487102,1,"[20260710,2,1,0]"
F02,A,exponential,160,0.48115014244220333,154.91689632731322,1,"[20260710,2,1,0]"
F02,A,exponential,161,1.1979699514444768,156.11486627875769,1,"[20260710,2,1,0]"
F02,A,exponential,162,0.64954029492337151,156.76440657368107,1,"[20260710,2,1,0]"
F02,A,exponential,163,0.16601591920098538,156.93042249288206,1,"[20260710,2,1,0]"
F02,A,exponential,164,0.096390275639685927,157.02681276852175,1,"[20260710,2,1,0]"
F02,A,exponential,165,1.0010011964559984,158.02781396497775,1,"[20260710,2,1,0]"
F02,A,exponential,166,4.8160635363716571,162.8438775013494,1,"[20260710,2,1,0]"
F02,A,exponential,167,0.18487824931343336,163.02875575066284,1,"[20260710,2,1,0]"
F02,A,exponential,168,1.1967246117771781,164.22548036244001,1,"[20260710,2,1,0]"
F02,A,exponential,169,0.64740922863273032,164.87288959107275,1,"[20260710,2,1,0]"
F02,A,exponential,170,0.24778283263115294,165.12067242370389,1,"[20260710,2,1,0]"
F02,A,exponential,171,0.20150617344421765,165.32217859714811,1,"[20260710,2,1,0]"
F02,A,exponential,172,2.6536825934336141,167.97586119058172,1,"[20260710,2,1,0]"
F02,A,exponential,173,1.9533853670467785,169.92924655762852,1,"[20260710,2,1,0]"
F02,A,exponential,174,0.011962016907048597,169.94120857453555,1,"[20260710,2,1,0]"
F02,A,exponential,175,0.9679732226822142,170.90918179721777,1,"[20260710,2,1,0]"
F02,A,exponential,176,0.89794879881156553,171.80713059602934,1,"[20260710,2,1,0]"
F02,A,exponential,177,0.011514468552014523,171.81864506458135,1,"[20260710,2,1,0]"
F02,A,exponential,178,0.41678982804243109,172.23543489262377,1,"[20260710,2,1,0]"
F02,A,exponential,179,0.13867748537333519,172.37411237799711,1,"[20260710,2,1,0]"
F02,A,exponential,180,3.10404947962025,175.47816185761735,1,"[20260710,2,1,0]"
F02,A,exponential,181,1.3906854505864967,176.86884730820384,1,"[20260710,2,1,0]"
F02,A,exponential,182,1.2288377834406334,178.09768509164448,1,"[20260710,2,1,0]"
F02,A,exponential,183,0.66697397875935482,178.76465907040384,1,"[20260710,2,1,0]"
F02,A,exponential,184,1.8520901450387539,180.61674921544258,1,"[20260710,2,1,0]"
F02,A,exponential,185,0.51226572520770974,181.12901494065028,1,"[20260710,2,1,0]"
F02,A,exponential,186,0.15012594647465799,181.27914088712492,1,"[20260710,2,1,0]"
F02,A,exponential,187,0.34402284549698026,181.62316373262192,1,"[20260710,2,1,0]"
F02,A,exponential,188,0.57158621167411849,182.19474994429603,1,"[20260710,2,1,0]"
F02,A,exponential,189,0.75733431695122033,182.95208426124725,1,"[20260710,2,1,0]"
F02,A,exponential,190,0.16711332173462259,183.11919758298188,1,"[20260710,2,1,0]"
F02,A,exponential,191,1.7026229862777489,184.82182056925964,1,"[20260710,2,1,0]"
F02,A,exponential,192,0.51713052021250971,185.33895108947215,1,"[20260710,2,1,0]"
F02,A,exponential,193,0.080656839516093523,185.41960792898823,1,"[20260710,2,1,0]"
F02,A,exponential,194,0.29231610862184054,185.71192403761006,1,"[20260710,2,1,0]"
F02,A,exponential,195,0.16309203722997223,185.87501607484003,1,"[20260710,2,1,0]"
F02,A,exponential,196,1.907573209758525,187.78258928459857,1,"[20260710,2,1,0]"
F02,A,exponential,197,2.5855225727627307,190.3681118573613,1,"[20260710,2,1,0]"
F02,A,exponential,198,0.13102045064496631,190.49913230800627,1,"[20260710,2,1,0]"
F02,A,exponential,199,0.70075630331846805,191.19988861132472,1,"[20260710,2,1,0]"
F02,A,exponential,200,2.1678335298792706,193.36772214120398,1,"[20260710,2,1,0]"
F02,A,exponential,201,1.4195679023559393,194.78729004355992,1,"[20260710,2,1,0]"
F02,A,exponential,202,3.195279169991784,197.9825692135517,1,"[20260710,2,1,0]"
F02,A,exponential,203,0.29031173525087883,198.27288094880257,1,"[20260710,2,1,0]"
F02,A,exponential,204,1.4169948749087407,199.6898758237113,1,"[20260710,2,1,0]"
F02,A,exponential,205,1.8938066658897037,201.58368248960102,1,"[20260710,2,1,0]"
F02,A,exponential,206,1.5167374965278155,203.10041998612883,1,"[20260710,2,1,0]"
F02,A,exponential,207,1.2714861763207197,204.37190616244953,1,"[20260710,2,1,0]"
F02,A,exponential,208,0.13385993229304502,204.50576609474257,1,"[20260710,2,1,0]"
F02,A,exponential,209,0.12859150835840544,204.63435760310097,1,"[20260710,2,1,0]"
F02,A,exponential,210,3.2190589247900441,207.853416527891,1,"[20260710,2,1,0]"
F02,A,exponential,211,0.42482020386668601,208.27823673175769,1,"[20260710,2,1,0]"
F02,A,exponential,212,0.90948859160463547,209.18772532336232,1,"[20260710,2,1,0]"
F02,A,exponential,213,1.2828985947958103,210.47062391815814,1,"[20260710,2,1,0]"
F02,A,exponential,214,0.29742490126117932,210.76804881941931,1,"[20260710,2,1,0]"
F02,A,exponential,215,0.044601389628275943,210.81265020904758,1,"[20260710,2,1,0]"
F02,A,exponential,216,0.51159559603673788,211.3242458050843,1,"[20260710,2,1,0]"
F02,A,exponential,217,0.012727431004789598,211.33697323608908,1,"[20260710,2,1,0]"
F02,A,exponential,218,0.23334148944779881,211.57031472553689,1,"[20260710,2,1,0]"
F02,A,exponential,219,2.4918652766791927,214.06218000221608,1,"[20260710,2,1,0]"
F02,A,exponential,220,0.11731697111103202,214.1794969733271,1,"[20260710,2,1,0]"
F02,A,exponential,221,0.63406756055411728,214.81356453388122,1,"[20260710,2,1,0]"
F02,A,exponential,222,0.30571266305315492,215.11927719693438,1,"[20260710,2,1,0]"
F02,A,exponential,223,0.74757799436972205,215.8668551913041,1,"[20260710,2,1,0]"
F02,A,exponential,224,3.1643278942839865,219.03118308558808,1,"[20260710,2,1,0]"
F02,A,exponential,225,0.45148235431278211,219.48266543990087,1,"[20260710,2,1,0]"
F02,A,exponential,226,2.7426811270633018,222.22534656696416,1,"[20260710,2,1,0]"
F02,A,exponential,227,0.12510559225398654,222.35045215921815,1,"[20260710,2,1,0]"
F02,A,exponential,228,0.35909643930964941,222.70954859852779,1,"[20260710,2,1,0]"
F02,A,exponential,229,0.44619223686796067,223.15574083539576,1,"[20260710,2,1,0]"
F02,A,exponential,230,1.3286515299896222,224.48439236538539,1,"[20260710,2,1,0]"
F02,A,exponential,231,1.6745273509057237,226.15891971629111,1,"[20260710,2,1,0]"
F02,A,exponential,232,0.93635025939262517,227.09526997568372,1,"[20260710,2,1,0]"
F02,A,exponential,233,1.2542204661786651,228.34949044186237,1,"[20260710,2,1,0]"
F02,A,exponential,234,2.0853453012377865,230.43483574310017,1,"[20260710,2,1,0]"
F02,A,exponential,235,0.38555641222251741,230.82039215532268,1,"[20260710,2,1,0]"
F02,A,exponential,236,2.3956586310139176,233.21605078633661,1,"[20260710,2,1,0]"
F02,A,exponential,237,0.96083470615991606,234.17688549249652,1,"[20260710,2,1,0]"
F02,A,exponential,238,0.33631944844223732,234.51320494093875,1,"[20260710,2,1,0]"
F02,A,exponential,239,0.78990336308298881,235.30310830402175,1,"[20260710,2,1,0]"
F02,A,exponential,240,0.42235839530458119,235.72546669932632,1,"[20260710,2,1,0]"
F02,A,exponential,241,0.37595744639627005,236.10142414572258,1,"[20260710,2,1,0]"
F02,A,exponential,242,0.17385551893726406,236.27527966465985,1,"[20260710,2,1,0]"
F02,A,exponential,243,0.14279881104904968,236.41807847570891,1,"[20260710,2,1,0]"
F02,A,exponential,244,0.5798425317658078,236.99792100747473,1,"[20260710,2,1,0]"
F02,A,exponential,245,1.626216029250164,238.6241370367249,1,"[20260710,2,1,0]"
F02,A,exponential,246,0.58919603163139211,239.21333306835629,1,"[20260710,2,1,0]"
F02,A,exponential,247,1.4160667675571463,240.62939983591343,1,"[20260710,2,1,0]"
F02,A,exponential,248,1.1477125943758644,241.77711243028929,1,"[20260710,2,1,0]"
F02,A,exponential,249,0.01096104758531327,241.7880734778746,1,"[20260710,2,1,0]"
F02,A,exponential,250,3.4242207097265509,245.21229418760115,1,"[20260710,2,1,0]"
F02,A,exponential,251,2.5860575751058255,247.79835176270697,1,"[20260710,2,1,0]"
F02,A,exponential,252,0.063363134933802939,247.86171489764078,1,"[20260710,2,1,0]"
F02,A,exponential,253,0.62485655299186116,248.48657145063265,1,"[20260710,2,1,0]"
F02,A,exponential,254,1.0173027343838761,249.50387418501654,1,"[20260710,2,1,0]"
F02,A,exponential,255,1.1933179796847582,250.69719216470131,1,"[20260710,2,1,0]"
F02,A,exponential,256,1.9087417436623242,252.60593390836362,1,"[20260710,2,1,0]"
F02,A,lomax_finite_mean,1,2.032727168544084,2.032727168544084,1,"[20260710,2,2,0]"
F02,A,lomax_finite_mean,2,0.3672996560416476,2.4000268245857317,1,"[20260710,2,2,0]"
F02,A,lomax_finite_mean,3,1.2342784973876779,3.6343053219734096,1,"[20260710,2,2,0]"
F02,A,lomax_finite_mean,4,0.56421920396948577,4.1985245259428954,1,"[20260710,2,2,0]"
F02,A,lomax_finite_mean,5,0.18686417622631402,4.3853887021692097,1,"[20260710,2,2,0]"
F02,A,lomax_finite_mean,6,0.098830608471690548,4.4842193106409001,1,"[20260710,2,2,0]"
F02,A,lomax_finite_mean,7,0.52164687480534422,5.0058661854462443,1,"[20260710,2,2,0]"
F02,A,lomax_finite_mean,8,0.035399510269703234,5.0412656957159472,1,"[20260710,2,2,0]"
F02,A,lomax_finite_mean,9,1.1108716886760848,6.1521373843920317,1,"[20260710,2,2,0]"
F02,A,lomax_finite_mean,10,0.081902767312253141,6.2340401517042849,1,"[20260710,2,2,0]"
F02,A,lomax_finite_mean,11,0.7178066273655952,6.9518467790698804,1,"[20260710,2,2,0]"
F02,A,lomax_finite_mean,12,0.14559709772592488,7.097443876795805,1,"[20260710,2,2,0]"
F02,A,lomax_finite_mean,13,0.0012687346691415391,7.0987126114649461,1,"[20260710,2,2,0]"
F02,A,lomax_finite_mean,14,0.53654010881551195,7.6352527202804579,1,"[20260710,2,2,0]"
F02,A,lomax_finite_mean,15,0.30508524694221861,7.9403379672226766,1,"[20260710,2,2,0]"
F02,A,lomax_finite_mean,16,0.30691203342664963,8.247250000649327,1,"[20260710,2,2,0]"
F02,A,lomax_finite_mean,17,1.9161704098694825,10.16342041051881,1,"[20260710,2,2,0]"
F02,A,lomax_finite_mean,18,2.2346959175385654,12.398116328057377,1,"[20260710,2,2,0]"
F02,A,lomax_finite_mean,19,0.77205716579704342,13.170173493854421,1,"[20260710,2,2,0]"
F02,A,lomax_finite_mean,20,0.51220581435858148,13.682379308213003,1,"[20260710,2,2,0]"
F02,A,lomax_finite_mean,21,0.071499659524489223,13.753878967737492,1,"[20260710,2,2,0]"
F02,A,lomax_finite_mean,22,0.046098074912575504,13.799977042650069,1,"[20260710,2,2,0]"
F02,A,lomax_finite_mean,23,0.83994778074960963,14.639924823399678,1,"[20260710,2,2,0]"
F02,A,lomax_finite_mean,24,0.83557376695996588,15.475498590359644,1,"[20260710,2,2,0]"
F02,A,lomax_finite_mean,25,2.7703660593211583,18.245864649680801,1,"[20260710,2,2,0]"
F02,A,lomax_finite_mean,26,0.036286039258731438,18.282150688939531,1,"[20260710,2,2,0]"
F02,A,lomax_finite_mean,27,0.23759543125378385,18.519746120193314,1,"[20260710,2,2,0]"
F02,A,lomax_finite_mean,28,0.010107283668095624,18.529853403861409,1,"[20260710,2,2,0]"
F02,A,lomax_finite_mean,29,2.2328606942546965,20.762714098116106,1,"[20260710,2,2,0]"
F02,A,lomax_finite_mean,30,0.04890753507914912,20.811621633195255,1,"[20260710,2,2,0]"
F02,A,lomax_finite_mean,31,3.541843733054713,24.353465366249967,1,"[20260710,2,2,0]"
F02,A,lomax_finite_mean,32,1.0364733146933836,25.389938680943352,1,"[20260710,2,2,0]"
F02,A,lomax_finite_mean,33,0.28574294148262913,25.67568162242598,1,"[20260710,2,2,0]"
F02,A,lomax_finite_mean,34,12.064835317215655,37.740516939641637,1,"[20260710,2,2,0]"
F02,A,lomax_finite_mean,35,0.022515908047061828,37.763032847688699,1,"[20260710,2,2,0]"
F02,A,lomax_finite_mean,36,0.28828497295874245,38.051317820647441,1,"[20260710,2,2,0]"
F02,A,lomax_finite_mean,37,0.83741142371618404,38.888729244363624,1,"[20260710,2,2,0]"
F02,A,lomax_finite_mean,38,0.042266921698663917,38.930996166062286,1,"[20260710,2,2,0]"
F02,A,lomax_finite_mean,39,0.050270903648762459,38.981267069711052,1,"[20260710,2,2,0]"
F02,A,lomax_finite_mean,40,0.0090070392375520454,38.990274108948604,1,"[20260710,2,2,0]"
F02,A,lomax_finite_mean,41,0.57206399975286581,39.562338108701468,1,"[20260710,2,2,0]"
F02,A,lomax_finite_mean,42,0.88956078371212022,40.451898892413588,1,"[20260710,2,2,0]"
F02,A,lomax_finite_mean,43,1.1190601965595366,41.570959088973126,1,"[20260710,2,2,0]"
F02,A,lomax_finite_mean,44,2.7491112335079904,44.320070322481115,1,"[20260710,2,2,0]"
F02,A,lomax_finite_mean,45,1.7764778646516919,46.096548187132804,1,"[20260710,2,2,0]"
F02,A,lomax_finite_mean,46,2.9016002494052855,48.998148436538088,1,"[20260710,2,2,0]"
F02,A,lomax_finite_mean,47,0.040865060566694603,49.039013497104783,1,"[20260710,2,2,0]"
F02,A,lomax_finite_mean,48,0.42769673708859612,49.466710234193378,1,"[20260710,2,2,0]"
F02,A,lomax_finite_mean,49,0.16627187701518822,49.63298211120857,1,"[20260710,2,2,0]"
F02,A,lomax_finite_mean,50,0.04425480308002476,49.677236914288592,1,"[20260710,2,2,0]"
F02,A,lomax_finite_mean,51,0.13752950606234227,49.814766420350935,1,"[20260710,2,2,0]"
F02,A,lomax_finite_mean,52,0.033355374475573449,49.848121794826511,1,"[20260710,2,2,0]"
F02,A,lomax_finite_mean,53,0.48814632428009075,50.336268119106599,1,"[20260710,2,2,0]"
F02,A,lomax_finite_mean,54,0.21354206409081267,50.549810183197408,1,"[20260710,2,2,0]"
F02,A,lomax_finite_mean,55,0.033638048790386163,50.583448231987795,1,"[20260710,2,2,0]"
F02,A,lomax_finite_mean,56,1.5209204780101455,52.104368709997942,1,"[20260710,2,2,0]"
F02,A,lomax_finite_mean,57,0.21289580517804788,52.317264515175992,1,"[20260710,2,2,0]"
F02,A,lomax_finite_mean,58,0.99320780175742041,53.310472316933414,1,"[20260710,2,2,0]"
F02,A,lomax_finite_mean,59,0.035960433787825256,53.346432750721242,1,"[20260710,2,2,0]"
F02,A,lomax_finite_mean,60,0.12435040165859269,53.470783152379838,1,"[20260710,2,2,0]"
F02,A,lomax_finite_mean,61,0.11024051986400672,53.581023672243845,1,"[20260710,2,2,0]"
F02,A,lomax_finite_mean,62,0.23019937638807794,53.811223048631923,1,"[20260710,2,2,0]"
F02,A,lomax_finite_mean,63,0.18194587761366407,53.993168926245588,1,"[20260710,2,2,0]"
F02,A,lomax_finite_mean,64,0.23478928595837745,54.227958212203966,1,"[20260710,2,2,0]"
F02,A,lomax_finite_mean,65,0.0029996202365856974,54.230957832440552,1,"[20260710,2,2,0]"
F02,A,lomax_finite_mean,66,0.30905326048182347,54.540011092922377,1,"[20260710,2,2,0]"
F02,A,lomax_finite_mean,67,0.28665762108496384,54.82666871400734,1,"[20260710,2,2,0]"
F02,A,lomax_finite_mean,68,0.16254613406282029,54.989214848070162,1,"[20260710,2,2,0]"
F02,A,lomax_finite_mean,69,0.20459669610340564,55.19381154417357,1,"[20260710,2,2,0]"
F02,A,lomax_finite_mean,70,1.5703304626068335,56.764142006780403,1,"[20260710,2,2,0]"
F02,A,lomax_finite_mean,71,0.23539361342652781,56.999535620206935,1,"[20260710,2,2,0]"
F02,A,lomax_finite_mean,72,0.43271960270020648,57.432255222907138,1,"[20260710,2,2,0]"
F02,A,lomax_finite_mean,73,0.36324588039227712,57.795501103299415,1,"[20260710,2,2,0]"
F02,A,lomax_finite_mean,74,0.21559034390737192,58.011091447206788,1,"[20260710,2,2,0]"
F02,A,lomax_finite_mean,75,3.0037183916271686,61.014809838833955,1,"[20260710,2,2,0]"
F02,A,lomax_finite_mean,76,0.0085015781813129916,61.023311417015265,1,"[20260710,2,2,0]"
F02,A,lomax_finite_mean,77,0.6317864656032095,61.655097882618477,1,"[20260710,2,2,0]"
F02,A,lomax_finite_mean,78,0.62605918038181629,62.281157063000293,1,"[20260710,2,2,0]"
F02,A,lomax_finite_mean,79,0.24092024569114942,62.522077308691443,1,"[20260710,2,2,0]"
F02,A,lomax_finite_mean,80,0.85267525186230153,63.374752560553745,1,"[20260710,2,2,0]"
F02,A,lomax_finite_mean,81,0.047310456569295202,63.422063017123037,1,"[20260710,2,2,0]"
F02,A,lomax_finite_mean,82,0.045770431896649748,63.467833449019686,1,"[20260710,2,2,0]"
F02,A,lomax_finite_mean,83,0.68975384220649061,64.157587291226179,1,"[20260710,2,2,0]"
F02,A,lomax_finite_mean,84,0.62143531235045235,64.779022603576635,1,"[20260710,2,2,0]"
F02,A,lomax_finite_mean,85,0.40066334132481529,65.179685944901451,1,"[20260710,2,2,0]"
F02,A,lomax_finite_mean,86,0.78287809502097105,65.962564039922427,1,"[20260710,2,2,0]"
F02,A,lomax_finite_mean,87,0.079432341796559766,66.041996381718988,1,"[20260710,2,2,0]"
F02,A,lomax_finite_mean,88,0.21252282626608204,66.254519207985069,1,"[20260710,2,2,0]"
F02,A,lomax_finite_mean,89,0.29704037075032785,66.551559578735393,1,"[20260710,2,2,0]"
F02,A,lomax_finite_mean,90,0.03962083793788812,66.591180416673282,1,"[20260710,2,2,0]"
F02,A,lomax_finite_mean,91,0.28539175937093486,66.87657217604422,1,"[20260710,2,2,0]"
F02,A,lomax_finite_mean,92,0.1058450117825691,66.982417187826783,1,"[20260710,2,2,0]"
F02,A,lomax_finite_mean,93,0.32657616248111032,67.308993350307887,1,"[20260710,2,2,0]"
F02,A,lomax_finite_mean,94,0.070158650771086989,67.379152001078978,1,"[20260710,2,2,0]"
F02,A,lomax_finite_mean,95,0.17464717997615911,67.55379918105514,1,"[20260710,2,2,0]"
F02,A,lomax_finite_mean,96,0.11307912395980052,67.666878305014947,1,"[20260710,2,2,0]"
F02,A,lomax_finite_mean,97,0.30990977382852702,67.97678807884347,1,"[20260710,2,2,0]"
F02,A,lomax_finite_mean,98,0.13861054004883058,68.1153986188923,1,"[20260710,2,2,0]"
F02,A,lomax_finite_mean,99,0.0039879745315039052,68.119386593423798,1,"[20260710,2,2,0]"
F02,A,lomax_finite_mean,100,0.71304380857502792,68.83243040199882,1,"[20260710,2,2,0]"
F02,A,lomax_finite_mean,101,0.12966043414958234,68.962090836148406,1,"[20260710,2,2,0]"
F02,A,lomax_finite_mean,102,0.23263319039940838,69.194724026547817,1,"[20260710,2,2,0]"
F02,A,lomax_finite_mean,103,0.61823509363004869,69.812959120177865,1,"[20260710,2,2,0]"
F02,A,lomax_finite_mean,104,0.209310518877552,70.022269639055423,1,"[20260710,2,2,0]"
F02,A,lomax_finite_mean,105,0.062662276912028733,70.084931915967445,1,"[20260710,2,2,0]"
F02,A,lomax_finite_mean,106,0.23369958381198622,70.318631499779428,1,"[20260710,2,2,0]"
F02,A,lomax_finite_mean,107,0.57594554308656121,70.89457704286599,1,"[20260710,2,2,0]"
F02,A,lomax_finite_mean,108,0.10157234625744523,70.996149389123431,1,"[20260710,2,2,0]"
F02,A,lomax_finite_mean,109,0.09807516883495887,71.094224557958384,1,"[20260710,2,2,0]"
F02,A,lomax_finite_mean,110,0.20113297828090873,71.295357536239294,1,"[20260710,2,2,0]"
F02,A,lomax_finite_mean,111,0.70220929616176364,71.997566832401063,1,"[20260710,2,2,0]"
F02,A,lomax_finite_mean,112,1.3807153040375535,73.378282136438614,1,"[20260710,2,2,0]"
F02,A,lomax_finite_mean,113,1.625127744349208,75.003409880787828,1,"[20260710,2,2,0]"
F02,A,lomax_finite_mean,114,0.55176753772406184,75.555177418511889,1,"[20260710,2,2,0]"
F02,A,lomax_finite_mean,115,0.045893041842148367,75.601070460354038,1,"[20260710,2,2,0]"
F02,A,lomax_finite_mean,116,0.1152977257451803,75.716368186099217,1,"[20260710,2,2,0]"
F02,A,lomax_finite_mean,117,0.010290303073412933,75.726658489172635,1,"[20260710,2,2,0]"
F02,A,lomax_finite_mean,118,0.77402389859809184,76.500682387770723,1,"[20260710,2,2,0]"
F02,A,lomax_finite_mean,119,0.032547391402874451,76.533229779173595,1,"[20260710,2,2,0]"
F02,A,lomax_finite_mean,120,0.08501538702716803,76.618245166200765,1,"[20260710,2,2,0]"
F02,A,lomax_finite_mean,121,2.3242342081154388,78.942479374316207,1,"[20260710,2,2,0]"
F02,A,lomax_finite_mean,122,1.1368715119109631,80.079350886227175,1,"[20260710,2,2,0]"
F02,A,lomax_finite_mean,123,0.036904446648318878,80.116255332875497,1,"[20260710,2,2,0]"
F02,A,lomax_finite_mean,124,0.10105690730918547,80.217312240184683,1,"[20260710,2,2,0]"
F02,A,lomax_finite_mean,125,0.39366041239557503,80.610972652580259,1,"[20260710,2,2,0]"
F02,A,lomax_finite_mean,126,0.21085058874699361,80.821823241327252,1,"[20260710,2,2,0]"
F02,A,lomax_finite_mean,127,0.13674420556542177,80.958567446892673,1,"[20260710,2,2,0]"
F02,A,lomax_finite_mean,128,2.466699499610983,83.425266946503655,1,"[20260710,2,2,0]"
F02,A,lomax_finite_mean,129,0.18985380135064672,83.615120747854306,1,"[20260710,2,2,0]"
F02,A,lomax_finite_mean,130,0.40916287973225174,84.024283627586556,1,"[20260710,2,2,0]"
F02,A,lomax_finite_mean,131,0.39968091535651451,84.423964542943068,1,"[20260710,2,2,0]"
F02,A,lomax_finite_mean,132,0.29646210342912294,84.720426646372189,1,"[20260710,2,2,0]"
F02,A,lomax_finite_mean,133,0.28266706909017503,85.00309371546237,1,"[20260710,2,2,0]"
F02,A,lomax_finite_mean,134,0.12423783276580772,85.127331548228184,1,"[20260710,2,2,0]"
F02,A,lomax_finite_mean,135,3.3975044246077841,88.524835972835973,1,"[20260710,2,2,0]"
F02,A,lomax_finite_mean,136,1.4793659327230415,90.004201905559015,1,"[20260710,2,2,0]"
F02,A,lomax_finite_mean,137,0.41411203604738023,90.418313941606399,1,"[20260710,2,2,0]"
F02,A,lomax_finite_mean,138,0.53964650009293336,90.957960441699328,1,"[20260710,2,2,0]"
F02,A,lomax_finite_mean,139,0.49054943106488669,91.44850987276422,1,"[20260710,2,2,0]"
F02,A,lomax_finite_mean,140,0.95258430432408181,92.401094177088297,1,"[20260710,2,2,0]"
F02,A,lomax_finite_mean,141,1.4784298643125042,93.879524041400799,1,"[20260710,2,2,0]"
F02,A,lomax_finite_mean,142,0.36701556234359511,94.246539603744395,1,"[20260710,2,2,0]"
F02,A,lomax_finite_mean,143,0.51590545561495493,94.762445059359351,1,"[20260710,2,2,0]"
F02,A,lomax_finite_mean,144,0.19479592291456835,94.957240982273916,1,"[20260710,2,2,0]"
F02,A,lomax_finite_mean,145,0.76588559043280346,95.723126572706718,1,"[20260710,2,2,0]"
F02,A,lomax_finite_mean,146,0.18191109285816096,95.905037665564876,1,"[20260710,2,2,0]"
F02,A,lomax_finite_mean,147,0.081156619863234761,95.986194285428112,1,"[20260710,2,2,0]"
F02,A,lomax_finite_mean,148,2.211518319719211,98.197712605147331,1,"[20260710,2,2,0]"
F02,A,lomax_finite_mean,149,0.087791266526147868,98.285503871673484,1,"[20260710,2,2,0]"
F02,A,lomax_finite_mean,150,0.35990822371330655,98.645412095386789,1,"[20260710,2,2,0]"
F02,A,lomax_finite_mean,151,0.44393612564625351,99.089348221033049,1,"[20260710,2,2,0]"
F02,A,lomax_finite_mean,152,0.01232117256014185,99.101669393593184,1,"[20260710,2,2,0]"
F02,A,lomax_finite_mean,153,0.10776518411294082,99.209434577706119,1,"[20260710,2,2,0]"
F02,A,lomax_finite_mean,154,0.20258734911328324,99.412021926819406,1,"[20260710,2,2,0]"
F02,A,lomax_finite_mean,155,0.076239830920906845,99.488261757740318,1,"[20260710,2,2,0]"
F02,A,lomax_finite_mean,156,0.46001637690116137,99.948278134641484,1,"[20260710,2,2,0]"
F02,A,lomax_finite_mean,157,0.10592455538785274,100.05420269002934,1,"[20260710,2,2,0]"
F02,A,lomax_finite_mean,158,0.02369355111999635,100.07789624114933,1,"[20260710,2,2,0]"
F02,A,lomax_finite_mean,159,0.24867045597094031,100.32656669712027,1,"[20260710,2,2,0]"
F02,A,lomax_finite_mean,160,0.095562694830785277,100.42212939195106,1,"[20260710,2,2,0]"
F02,A,lomax_finite_mean,161,0.17272847480942413,100.59485786676048,1,"[20260710,2,2,0]"
F02,A,lomax_finite_mean,162,1.746209571527666,102.34106743828815,1,"[20260710,2,2,0]"
F02,A,lomax_finite_mean,163,0.075238103624458166,102.41630554191261,1,"[20260710,2,2,0]"
F02,A,lomax_finite_mean,164,0.19951830916981889,102.61582385108242,1,"[20260710,2,2,0]"
F02,A,lomax_finite_mean,165,0.091491378218194044,102.70731522930062,1,"[20260710,2,2,0]"
F02,A,lomax_finite_mean,166,0.024967811319745851,102.73228304062036,1,"[20260710,2,2,0]"
F02,A,lomax_finite_mean,167,0.077847558404880404,102.81013059902524,1,"[20260710,2,2,0]"
F02,A,lomax_finite_mean,168,2.7129415472425853,105.52307214626782,1,"[20260710,2,2,0]"
F02,A,lomax_finite_mean,169,4.2066347623926426,109.72970690866046,1,"[20260710,2,2,0]"
F02,A,lomax_finite_mean,170,0.55958941167553511,110.28929632033599,1,"[20260710,2,2,0]"
F02,A,lomax_finite_mean,171,0.029836548149128228,110.31913286848513,1,"[20260710,2,2,0]"
F02,A,lomax_finite_mean,172,0.60188870618411539,110.92102157466924,1,"[20260710,2,2,0]"
F02,A,lomax_finite_mean,173,0.0044235524319981819,110.92544512710124,1,"[20260710,2,2,0]"
F02,A,lomax_finite_mean,174,0.50946278376081078,111.43490791086205,1,"[20260710,2,2,0]"
F02,A,lomax_finite_mean,175,4.9134061820972104,116.34831409295926,1,"[20260710,2,2,0]"
F02,A,lomax_finite_mean,176,0.19776808334714691,116.5460821763064,1,"[20260710,2,2,0]"
F02,A,lomax_finite_mean,177,0.67761856739715287,117.22370074370355,1,"[20260710,2,2,0]"
F02,A,lomax_finite_mean,178,1.3278811158376067,118.55158185954116,1,"[20260710,2,2,0]"
F02,A,lomax_finite_mean,179,0.005798369289258593,118.55738022883041,1,"[20260710,2,2,0]"
F02,A,lomax_finite_mean,180,0.054193662632627461,118.61157389146304,1,"[20260710,2,2,0]"
F02,A,lomax_finite_mean,181,1.5558265812602872,120.16740047272333,1,"[20260710,2,2,0]"
F02,A,lomax_finite_mean,182,0.064879136427753878,120.23227960915108,1,"[20260710,2,2,0]"
F02,A,lomax_finite_mean,183,1.214234652513777,121.44651426166486,1,"[20260710,2,2,0]"
F02,A,lomax_finite_mean,184,0.70467614811162194,122.15119040977648,1,"[20260710,2,2,0]"
F02,A,lomax_finite_mean,185,0.9659887654429824,123.11717917521946,1,"[20260710,2,2,0]"
F02,A,lomax_finite_mean,186,2.7853325989823983,125.90251177420186,1,"[20260710,2,2,0]"
F02,A,lomax_finite_mean,187,0.4107638849917028,126.31327565919356,1,"[20260710,2,2,0]"
F02,A,lomax_finite_mean,188,0.10897849581132787,126.42225415500489,1,"[20260710,2,2,0]"
F02,A,lomax_finite_mean,189,1.2531228237241532,127.67537697872905,1,"[20260710,2,2,0]"
F02,A,lomax_finite_mean,190,0.027032661927762752,127.70240964065681,1,"[20260710,2,2,0]"
F02,A,lomax_finite_mean,191,0.15122893316107192,127.85363857381789,1,"[20260710,2,2,0]"
F02,A,lomax_finite_mean,192,0.41734402627089828,128.27098260008879,1,"[20260710,2,2,0]"
F02,A,lomax_finite_mean,193,0.14558303567120021,128.41656563575998,1,"[20260710,2,2,0]"
F02,A,lomax_finite_mean,194,0.02922941094391393,128.44579504670389,1,"[20260710,2,2,0]"
F02,A,lomax_finite_mean,195,0.0073053481399837058,128.45310039484389,1,"[20260710,2,2,0]"
F02,A,lomax_finite_mean,196,0.42990473786302275,128.8830051327069,1,"[20260710,2,2,0]"
F02,A,lomax_finite_mean,197,0.095729206011806664,128.97873433871871,1,"[20260710,2,2,0]"
F02,A,lomax_finite_mean,198,0.024656253921949568,129.00339059264067,1,"[20260710,2,2,0]"
F02,A,lomax_finite_mean,199,0.24641458356589299,129.24980517620656,1,"[20260710,2,2,0]"
F02,A,lomax_finite_mean,200,0.038831734823672956,129.28863691103024,1,"[20260710,2,2,0]"
F02,A,lomax_finite_mean,201,0.1588570889241277,129.44749399995436,1,"[20260710,2,2,0]"
F02,A,lomax_finite_mean,202,0.075866620472911928,129.52336062042727,1,"[20260710,2,2,0]"
F02,A,lomax_finite_mean,203,5.3300325820901433,134.85339320251742,1,"[20260710,2,2,0]"
F02,A,lomax_finite_mean,204,0.12520866010188561,134.97860186261931,1,"[20260710,2,2,0]"
F02,A,lomax_finite_mean,205,0.25589543160392969,135.23449729422325,1,"[20260710,2,2,0]"
F02,A,lomax_finite_mean,206,0.016943582808019341,135.25144087703126,1,"[20260710,2,2,0]"
F02,A,lomax_finite_mean,207,20.259788702733008,155.51122957976426,1,"[20260710,2,2,0]"
F02,A,lomax_finite_mean,208,0.10962633002367812,155.62085590978793,1,"[20260710,2,2,0]"
F02,A,lomax_finite_mean,209,5.4195324221410832,161.04038833192902,1,"[20260710,2,2,0]"
F02,A,lomax_finite_mean,210,0.9264744117256094,161.96686274365464,1,"[20260710,2,2,0]"
F02,A,lomax_finite_mean,211,0.16005574420217158,162.12691848785681,1,"[20260710,2,2,0]"
F02,A,lomax_finite_mean,212,0.13758119762810067,162.26449968548491,1,"[20260710,2,2,0]"
F02,A,lomax_finite_mean,213,0.070058833934341175,162.33455851941926,1,"[20260710,2,2,0]"
F02,A,lomax_finite_mean,214,0.060260565239135942,162.39481908465839,1,"[20260710,2,2,0]"
F02,A,lomax_finite_mean,215,0.55093589993952263,162.94575498459793,1,"[20260710,2,2,0]"
F02,A,lomax_finite_mean,216,0.19267338364276673,163.13842836824068,1,"[20260710,2,2,0]"
F02,A,lomax_finite_mean,217,0.22888287603289403,163.36731124427357,1,"[20260710,2,2,0]"
F02,A,lomax_finite_mean,218,0.11837650825012029,163.48568775252369,1,"[20260710,2,2,0]"
F02,A,lomax_finite_mean,219,0.30532773396233504,163.79101548648603,1,"[20260710,2,2,0]"
F02,A,lomax_finite_mean,220,0.24217168595104338,164.03318717243707,1,"[20260710,2,2,0]"
F02,A,lomax_finite_mean,221,0.14622132068574245,164.17940849312282,1,"[20260710,2,2,0]"
F02,A,lomax_finite_mean,222,0.53178261131541205,164.71119110443823,1,"[20260710,2,2,0]"
F02,A,lomax_finite_mean,223,0.089672561090865119,164.80086366552911,1,"[20260710,2,2,0]"
F02,A,lomax_finite_mean,224,0.069879209915285054,164.87074287544439,1,"[20260710,2,2,0]"
F02,A,lomax_finite_mean,225,0.53545679680931335,165.40619967225371,1,"[20260710,2,2,0]"
F02,A,lomax_finite_mean,226,0.93952225207654827,166.34572192433026,1,"[20260710,2,2,0]"
F02,A,lomax_finite_mean,227,0.10631031396716858,166.45203223829742,1,"[20260710,2,2,0]"
F02,A,lomax_finite_mean,228,0.21060896358917047,166.6626412018866,1,"[20260710,2,2,0]"
F02,A,lomax_finite_mean,229,0.4203018390239045,167.08294304091049,1,"[20260710,2,2,0]"
F02,A,lomax_finite_mean,230,0.47099319266210737,167.55393623357261,1,"[20260710,2,2,0]"
F02,A,lomax_finite_mean,231,0.0092331585352963923,167.56316939210791,1,"[20260710,2,2,0]"
F02,A,lomax_finite_mean,232,0.10731338415747034,167.67048277626537,1,"[20260710,2,2,0]"
F02,A,lomax_finite_mean,233,0.0074661523494043971,167.67794892861477,1,"[20260710,2,2,0]"
F02,A,lomax_finite_mean,234,3.7272030996585102,171.40515202827328,1,"[20260710,2,2,0]"
F02,A,lomax_finite_mean,235,0.21665145028080732,171.62180347855409,1,"[20260710,2,2,0]"
F02,A,lomax_finite_mean,236,0.067944832097399238,171.68974831065148,1,"[20260710,2,2,0]"
F02,A,lomax_finite_mean,237,0.2097942181435917,171.89954252879508,1,"[20260710,2,2,0]"
F02,A,lomax_finite_mean,238,0.094908000098594097,171.99445052889368,1,"[20260710,2,2,0]"
F02,A,lomax_finite_mean,239,2.1750125680710859,174.16946309696476,1,"[20260710,2,2,0]"
F02,A,lomax_finite_mean,240,0.36357394376649543,174.53303704073124,1,"[20260710,2,2,0]"
F02,A,lomax_finite_mean,241,0.12467353173760434,174.65771057246886,1,"[20260710,2,2,0]"
F02,A,lomax_finite_mean,242,0.060600194541799955,174.71831076701065,1,"[20260710,2,2,0]"
F02,A,lomax_finite_mean,243,0.85778825945200832,175.57609902646266,1,"[20260710,2,2,0]"
F02,A,lomax_finite_mean,244,0.72546804154881173,176.30156706801148,1,"[20260710,2,2,0]"
F02,A,lomax_finite_mean,245,0.14977880298960744,176.45134587100108,1,"[20260710,2,2,0]"
F02,A,lomax_finite_mean,246,1.8579240762117464,178.30926994721284,1,"[20260710,2,2,0]"
F02,A,lomax_finite_mean,247,0.69569907105430384,179.00496901826713,1,"[20260710,2,2,0]"
F02,A,lomax_finite_mean,248,0.480479612974963,179.48544863124209,1,"[20260710,2,2,0]"
F02,A,lomax_finite_mean,249,0.30702131418226841,179.79246994542436,1,"[20260710,2,2,0]"
F02,A,lomax_finite_mean,250,0.61076385193407212,180.40323379735844,1,"[20260710,2,2,0]"
F02,A,lomax_finite_mean,251,0.06504887719131186,180.46828267454976,1,"[20260710,2,2,0]"
F02,A,lomax_finite_mean,252,0.17048922813928399,180.63877190268903,1,"[20260710,2,2,0]"
F02,A,lomax_finite_mean,253,1.9814431572327096,182.62021505992175,1,"[20260710,2,2,0]"
F02,A,lomax_finite_mean,254,1.9690407518695383,184.58925581179128,1,"[20260710,2,2,0]"
F02,A,lomax_finite_mean,255,0.8691944472443236,185.4584502590356,1,"[20260710,2,2,0]"
F02,A,lomax_finite_mean,256,0.83308416571128707,186.29153442474689,1,"[20260710,2,2,0]"
F02,A,pareto_infinite_mean,1,1.5171691036027377,1.5171691036027377,,"[20260710,2,3,0]"
F02,A,pareto_infinite_mean,2,1.0060975153146559,2.5232666189173933,,"[20260710,2,3,0]"
F02,A,pareto_infinite_mean,3,1.0841731249399185,3.607439743857312,,"[20260710,2,3,0]"
F02,A,pareto_infinite_mean,4,162.39090853156185,165.99834827541915,,"[20260710,2,3,0]"
F02,A,pareto_infinite_mean,5,5.0746769626377422,171.07302523805689,,"[20260710,2,3,0]"
F02,A,pareto_infinite_mean,6,4.8586202012108206,175.9316454392677,,"[20260710,2,3,0]"
F02,A,pareto_infinite_mean,7,7.0785293676295673,183.01017480689725,,"[20260710,2,3,0]"
F02,A,pareto_infinite_mean,8,3.5822965722579561,186.5924713791552,,"[20260710,2,3,0]"
F02,A,pareto_infinite_mean,9,30.400530431824869,216.99300181098008,,"[20260710,2,3,0]"
F02,A,pareto_infinite_mean,10,1.752078907236104,218.74508071821617,,"[20260710,2,3,0]"
F02,A,pareto_infinite_mean,11,6.4618216854736774,225.20690240368984,,"[20260710,2,3,0]"
F02,A,pareto_infinite_mean,12,2.0409932323760946,227.24789563606592,,"[20260710,2,3,0]"
F02,A,pareto_infinite_mean,13,4.0917816908855196,231.33967732695143,,"[20260710,2,3,0]"
F02,A,pareto_infinite_mean,14,2.4916627366019157,233.83134006355334,,"[20260710,2,3,0]"
F02,A,pareto_infinite_mean,15,19.255759140868467,253.0870992044218,,"[20260710,2,3,0]"
F02,A,pareto_infinite_mean,16,17.175019022195489,270.2621182266173,,"[20260710,2,3,0]"
F02,A,pareto_infinite_mean,17,2.9510715261492657,273.2131897527666,,"[20260710,2,3,0]"
F02,A,pareto_infinite_mean,18,255.96872875936066,529.18191851212725,,"[20260710,2,3,0]"
F02,A,pareto_infinite_mean,19,1.4508767763255195,530.63279528845283,,"[20260710,2,3,0]"
F02,A,pareto_infinite_mean,20,6.2232940821662392,536.85608937061909,,"[20260710,2,3,0]"
F02,A,pareto_infinite_mean,21,5.1663280749494715,542.02241744556852,,"[20260710,2,3,0]"
F02,A,pareto_infinite_mean,22,1.8270303549412874,543.84944780050978,,"[20260710,2,3,0]"
F02,A,pareto_infinite_mean,23,12.537610031887239,556.38705783239698,,"[20260710,2,3,0]"
F02,A,pareto_infinite_mean,24,5.5410608039762606,561.92811863637326,,"[20260710,2,3,0]"
F02,A,pareto_infinite_mean,25,1.5349182939771657,563.46303693035043,,"[20260710,2,3,0]"
F02,A,pareto_infinite_mean,26,6.2818507034519797,569.74488763380236,,"[20260710,2,3,0]"
F02,A,pareto_infinite_mean,27,1.4146173232082946,571.15950495701065,,"[20260710,2,3,0]"
F02,A,pareto_infinite_mean,28,1.3228970760506704,572.48240203306136,,"[20260710,2,3,0]"
F02,A,pareto_infinite_mean,29,1.3710287586208196,573.85343079168217,,"[20260710,2,3,0]"
F02,A,pareto_infinite_mean,30,1.3393141631155281,575.19274495479772,,"[20260710,2,3,0]"
F02,A,pareto_infinite_mean,31,1.5654933964360658,576.75823835123379,,"[20260710,2,3,0]"
F02,A,pareto_infinite_mean,32,8.6047838936506089,585.36302224488441,,"[20260710,2,3,0]"
F02,A,pareto_infinite_mean,33,1.2367923992205347,586.59981464410498,,"[20260710,2,3,0]"
F02,A,pareto_infinite_mean,34,3.3912432462191093,589.9910578903241,,"[20260710,2,3,0]"
F02,A,pareto_infinite_mean,35,2.5945280218129438,592.58558591213705,,"[20260710,2,3,0]"
F02,A,pareto_infinite_mean,36,3.5817267843952658,596.16731269653235,,"[20260710,2,3,0]"
F02,A,pareto_infinite_mean,37,4.4008320083075763,600.56814470483994,,"[20260710,2,3,0]"
F02,A,pareto_infinite_mean,38,8.0377155339790392,608.60586023881899,,"[20260710,2,3,0]"
F02,A,pareto_infinite_mean,39,2.0418852364063622,610.64774547522541,,"[20260710,2,3,0]"
F02,A,pareto_infinite_mean,40,2.9366200443546906,613.58436551958005,,"[20260710,2,3,0]"
F02,A,pareto_infinite_mean,41,1.0473638393967248,614.63172935897683,,"[20260710,2,3,0]"
F02,A,pareto_infinite_mean,42,1.9739422079548061,616.60567156693162,,"[20260710,2,3,0]"
F02,A,pareto_infinite_mean,43,5.0472454887328908,621.65291705566449,,"[20260710,2,3,0]"
F02,A,pareto_infinite_mean,44,13.836661333102848,635.48957838876731,,"[20260710,2,3,0]"
F02,A,pareto_infinite_mean,45,4.6575805327310729,640.14715892149843,,"[20260710,2,3,0]"
F02,A,pareto_infinite_mean,46,2.106687237166927,642.2538461586654,,"[20260710,2,3,0]"
F02,A,pareto_infinite_mean,47,3.1585979966536848,645.41244415531912,,"[20260710,2,3,0]"
F02,A,pareto_infinite_mean,48,2.682656067496211,648.09510022281529,,"[20260710,2,3,0]"
F02,A,pareto_infinite_mean,49,1.4420698320500889,649.53717005486533,,"[20260710,2,3,0]"
F02,A,pareto_infinite_mean,50,16.224931225860455,665.7621012807258,,"[20260710,2,3,0]"
F02,A,pareto_infinite_mean,51,1.1489134526236857,666.91101473334948,,"[20260710,2,3,0]"
F02,A,pareto_infinite_mean,52,4.488559380016973,671.3995741133665,,"[20260710,2,3,0]"
F02,A,pareto_infinite_mean,53,3.7526912304978532,675.15226534386431,,"[20260710,2,3,0]"
F02,A,pareto_infinite_mean,54,1.028474923642086,676.18074026750639,,"[20260710,2,3,0]"
F02,A,pareto_infinite_mean,55,451.4151546066459,1127.5958948741522,,"[20260710,2,3,0]"
F02,A,pareto_infinite_mean,56,1.1500242480553435,1128.7459191222076,,"[20260710,2,3,0]"
F02,A,pareto_infinite_mean,57,1.0554217025092916,1129.8013408247168,,"[20260710,2,3,0]"
F02,A,pareto_infinite_mean,58,7.2117426821885084,1137.0130835069053,,"[20260710,2,3,0]"
F02,A,pareto_infinite_mean,59,1.9685875087906959,1138.9816710156961,,"[20260710,2,3,0]"
F02,A,pareto_infinite_mean,60,5.3656771014111468,1144.3473481171072,,"[20260710,2,3,0]"
F02,A,pareto_infinite_mean,61,1.1359533851536301,1145.4833015022609,,"[20260710,2,3,0]"
F02,A,pareto_infinite_mean,62,6.9424520236853873,1152.4257535259462,,"[20260710,2,3,0]"
F02,A,pareto_infinite_mean,63,3.3985178202486099,1155.8242713461948,,"[20260710,2,3,0]"
F02,A,pareto_infinite_mean,64,17.528095307671595,1173.3523666538663,,"[20260710,2,3,0]"
F02,A,pareto_infinite_mean,65,2.8930461847738669,1176.24541283864,,"[20260710,2,3,0]"
F02,A,pareto_infinite_mean,66,1.4054011618874869,1177.6508140005276,,"[20260710,2,3,0]"
F02,A,pareto_infinite_mean,67,16.286264791963923,1193.9370787924915,,"[20260710,2,3,0]"
F02,A,pareto_infinite_mean,68,2.8446762959000909,1196.7817550883917,,"[20260710,2,3,0]"
F02,A,pareto_infinite_mean,69,1720.0075959703602,2916.7893510587519,,"[20260710,2,3,0]"
F02,A,pareto_infinite_mean,70,6.8447769211205438,2923.6341279798726,,"[20260710,2,3,0]"
F02,A,pareto_infinite_mean,71,1.2184545845842414,2924.852582564457,,"[20260710,2,3,0]"
F02,A,pareto_infinite_mean,72,5.3971177562747616,2930.2497003207318,,"[20260710,2,3,0]"
F02,A,pareto_infinite_mean,73,1.124932426944576,2931.3746327476765,,"[20260710,2,3,0]"
F02,A,pareto_infinite_mean,74,1.258178171788116,2932.6328109194646,,"[20260710,2,3,0]"
F02,A,pareto_infinite_mean,75,1.7664917401966271,2934.3993026596613,,"[20260710,2,3,0]"
F02,A,pareto_infinite_mean,76,1.1915357744506674,2935.5908384341119,,"[20260710,2,3,0]"
F02,A,pareto_infinite_mean,77,1.6929840918416788,2937.2838225259534,,"[20260710,2,3,0]"
F02,A,pareto_infinite_mean,78,246.83405775345358,3184.117880279407,,"[20260710,2,3,0]"
F02,A,pareto_infinite_mean,79,6.8892310637390439,3191.0071113431459,,"[20260710,2,3,0]"
F02,A,pareto_infinite_mean,80,64.597820819828939,3255.6049321629748,,"[20260710,2,3,0]"
F02,A,pareto_infinite_mean,81,3.7268676896124528,3259.3317998525872,,"[20260710,2,3,0]"
F02,A,pareto_infinite_mean,82,3.4761691218012478,3262.8079689743886,,"[20260710,2,3,0]"
F02,A,pareto_infinite_mean,83,2.4152175253477712,3265.2231864997366,,"[20260710,2,3,0]"
F02,A,pareto_infinite_mean,84,2.4425196749446165,3267.6657061746814,,"[20260710,2,3,0]"
F02,A,pareto_infinite_mean,85,1.108060226621151,3268.7737664013025,,"[20260710,2,3,0]"
F02,A,pareto_infinite_mean,86,1.0855061272020188,3269.8592725285043,,"[20260710,2,3,0]"
F02,A,pareto_infinite_mean,87,21.160109488931898,3291.0193820174363,,"[20260710,2,3,0]"
F02,A,pareto_infinite_mean,88,5.8328377292303655,3296.8522197466668,,"[20260710,2,3,0]"
F02,A,pareto_infinite_mean,89,4.4370476975482047,3301.2892674442151,,"[20260710,2,3,0]"
F02,A,pareto_infinite_mean,90,1.239096111145692,3302.5283635553606,,"[20260710,2,3,0]"
F02,A,pareto_infinite_mean,91,16.731850083421119,3319.2602136387818,,"[20260710,2,3,0]"
F02,A,pareto_infinite_mean,92,2.7583511952669477,3322.0185648340489,,"[20260710,2,3,0]"
F02,A,pareto_infinite_mean,93,3.4531814338150233,3325.4717462678641,,"[20260710,2,3,0]"
F02,A,pareto_infinite_mean,94,2.8229990570258159,3328.2947453248898,,"[20260710,2,3,0]"
F02,A,pareto_infinite_mean,95,5.7043177358301538,3333.9990630607199,,"[20260710,2,3,0]"
F02,A,pareto_infinite_mean,96,4.3660578692288556,3338.3651209299487,,"[20260710,2,3,0]"
F02,A,pareto_infinite_mean,97,1.4835451448186425,3339.8486660747672,,"[20260710,2,3,0]"
F02,A,pareto_infinite_mean,98,11.014782870222781,3350.8634489449901,,"[20260710,2,3,0]"
F02,A,pareto_infinite_mean,99,1.0569956734730113,3351.9204446184631,,"[20260710,2,3,0]"
F02,A,pareto_infinite_mean,100,5.2839193966928208,3357.204364015156,,"[20260710,2,3,0]"
F02,A,pareto_infinite_mean,101,5.2627490420065426,3362.4671130571624,,"[20260710,2,3,0]"
F02,A,pareto_infinite_mean,102,2.4642045960451431,3364.9313176532073,,"[20260710,2,3,0]"
F02,A,pareto_infinite_mean,103,1.7873036572939522,3366.7186213105015,,"[20260710,2,3,0]"
F02,A,pareto_infinite_mean,104,1.1042274168997621,3367.8228487274014,,"[20260710,2,3,0]"
F02,A,pareto_infinite_mean,105,1.4292921158138996,3369.2521408432153,,"[20260710,2,3,0]"
F02,A,pareto_infinite_mean,106,4.2763640442583899,3373.5285048874739,,"[20260710,2,3,0]"
F02,A,pareto_infinite_mean,107,6.9691060141714116,3380.4976109016452,,"[20260710,2,3,0]"
F02,A,pareto_infinite_mean,108,1.1481649229562718,3381.6457758246015,,"[20260710,2,3,0]"
F02,A,pareto_infinite_mean,109,85.880290895200361,3467.5260667198017,,"[20260710,2,3,0]"
F02,A,pareto_infinite_mean,110,4.0016446178793972,3471.527711337681,,"[20260710,2,3,0]"
F02,A,pareto_infinite_mean,111,12.645879794914993,3484.1735911325959,,"[20260710,2,3,0]"
F02,A,pareto_infinite_mean,112,2.349199244631401,3486.5227903772275,,"[20260710,2,3,0]"
F02,A,pareto_infinite_mean,113,2.4707338912385306,3488.993524268466,,"[20260710,2,3,0]"
F02,A,pareto_infinite_mean,114,1.2418252800058467,3490.2353495484717,,"[20260710,2,3,0]"
F02,A,pareto_infinite_mean,115,34.757074882072253,3524.9924244305439,,"[20260710,2,3,0]"
F02,A,pareto_infinite_mean,116,1.1475480969182161,3526.1399725274623,,"[20260710,2,3,0]"
F02,A,pareto_infinite_mean,117,3.7229151251880146,3529.8628876526504,,"[20260710,2,3,0]"
F02,A,pareto_infinite_mean,118,19.594950928869981,3549.4578385815203,,"[20260710,2,3,0]"
F02,A,pareto_infinite_mean,119,1.2946671421626195,3550.752505723683,,"[20260710,2,3,0]"
F02,A,pareto_infinite_mean,120,4.6767959994226205,3555.4293017231057,,"[20260710,2,3,0]"
F02,A,pareto_infinite_mean,121,19.090226227752087,3574.519527950858,,"[20260710,2,3,0]"
F02,A,pareto_infinite_mean,122,1.5262270761069101,3576.0457550269648,,"[20260710,2,3,0]"
F02,A,pareto_infinite_mean,123,5.4917782108951645,3581.5375332378599,,"[20260710,2,3,0]"
F02,A,pareto_infinite_mean,124,1.383674162311977,3582.9212074001716,,"[20260710,2,3,0]"
F02,A,pareto_infinite_mean,125,1.8723343758645175,3584.7935417760364,,"[20260710,2,3,0]"
F02,A,pareto_infinite_mean,126,1.1457774110953409,3585.9393191871318,,"[20260710,2,3,0]"
F02,A,pareto_infinite_mean,127,1.2300818957384749,3587.1694010828701,,"[20260710,2,3,0]"
F02,A,pareto_infinite_mean,128,1.9519603218424817,3589.1213614047124,,"[20260710,2,3,0]"
F02,A,pareto_infinite_mean,129,5.6079027310647023,3594.7292641357772,,"[20260710,2,3,0]"
F02,A,pareto_infinite_mean,130,1.2698019804286609,3595.999066116206,,"[20260710,2,3,0]"
F02,A,pareto_infinite_mean,131,120.0272344578828,3716.026300574089,,"[20260710,2,3,0]"
F02,A,pareto_infinite_mean,132,19.600386983291688,3735.6266875573806,,"[20260710,2,3,0]"
F02,A,pareto_infinite_mean,133,6.5685061034947756,3742.1951936608752,,"[20260710,2,3,0]"
F02,A,pareto_infinite_mean,134,2.0288708886292564,3744.2240645495044,,"[20260710,2,3,0]"
F02,A,pareto_infinite_mean,135,1.3125900431617759,3745.5366545926663,,"[20260710,2,3,0]"
F02,A,pareto_infinite_mean,136,4.969136780508812,3750.5057913731753,,"[20260710,2,3,0]"
F02,A,pareto_infinite_mean,137,3.7893980511102061,3754.2951894242856,,"[20260710,2,3,0]"
F02,A,pareto_infinite_mean,138,3.025487403641189,3757.3206768279269,,"[20260710,2,3,0]"
F02,A,pareto_infinite_mean,139,1.1293031765499018,3758.4499800044769,,"[20260710,2,3,0]"
F02,A,pareto_infinite_mean,140,1.233434995179667,3759.6834149996566,,"[20260710,2,3,0]"
F02,A,pareto_infinite_mean,141,3.7956324737309672,3763.4790474733877,,"[20260710,2,3,0]"
F02,A,pareto_infinite_mean,142,1.2353374629667546,3764.7143849363547,,"[20260710,2,3,0]"
F02,A,pareto_infinite_mean,143,1.3819150368259348,3766.0962999731805,,"[20260710,2,3,0]"
F02,A,pareto_infinite_mean,144,23.013108666607689,3789.1094086397884,,"[20260710,2,3,0]"
F02,A,pareto_infinite_mean,145,3.9053034202765557,3793.014712060065,,"[20260710,2,3,0]"
F02,A,pareto_infinite_mean,146,1.8764517197117323,3794.8911637797769,,"[20260710,2,3,0]"
F02,A,pareto_infinite_mean,147,3.1154187202694938,3798.0065825000465,,"[20260710,2,3,0]"
F02,A,pareto_infinite_mean,148,10.116578792939563,3808.123161292986,,"[20260710,2,3,0]"
F02,A,pareto_infinite_mean,149,1.7675047341284473,3809.8906660271145,,"[20260710,2,3,0]"
F02,A,pareto_infinite_mean,150,6.2160373120675967,3816.1067033391823,,"[20260710,2,3,0]"
F02,A,pareto_infinite_mean,151,20.368984864967778,3836.4756882041502,,"[20260710,2,3,0]"
F02,A,pareto_infinite_mean,152,5.9013511229420255,3842.377039327092,,"[20260710,2,3,0]"
F02,A,pareto_infinite_mean,153,1.5730320496684684,3843.9500713767607,,"[20260710,2,3,0]"
F02,A,pareto_infinite_mean,154,24.34477394323812,3868.2948453199988,,"[20260710,2,3,0]"
F02,A,pareto_infinite_mean,155,5.5002321221324193,3873.7950774421311,,"[20260710,2,3,0]"
F02,A,pareto_infinite_mean,156,11.329682545593329,3885.1247599877242,,"[20260710,2,3,0]"
F02,A,pareto_infinite_mean,157,1.0094601900801934,3886.1342201778043,,"[20260710,2,3,0]"
F02,A,pareto_infinite_mean,158,7.2034831269786395,3893.3377033047827,,"[20260710,2,3,0]"
F02,A,pareto_infinite_mean,159,4.2315250176973009,3897.5692283224798,,"[20260710,2,3,0]"
F02,A,pareto_infinite_mean,160,19.499126505105249,3917.0683548275852,,"[20260710,2,3,0]"
F02,A,pareto_infinite_mean,161,1.0605741847822785,3918.1289290123673,,"[20260710,2,3,0]"
F02,A,pareto_infinite_mean,162,1.2361878789391263,3919.3651168913066,,"[20260710,2,3,0]"
F02,A,pareto_infinite_mean,163,53.545253786782261,3972.9103706780888,,"[20260710,2,3,0]"
F02,A,pareto_infinite_mean,164,1.0188175733875977,3973.9291882514763,,"[20260710,2,3,0]"
F02,A,pareto_infinite_mean,165,3.5320783251759846,3977.4612665766522,,"[20260710,2,3,0]"
F02,A,pareto_infinite_mean,166,35.572973814767316,4013.0342403914196,,"[20260710,2,3,0]"
F02,A,pareto_infinite_mean,167,2.1555746044418256,4015.1898149958615,,"[20260710,2,3,0]"
F02,A,pareto_infinite_mean,168,1.1849403906347884,4016.3747553864964,,"[20260710,2,3,0]"
F02,A,pareto_infinite_mean,169,1.6870450026186492,4018.061800389115,,"[20260710,2,3,0]"
F02,A,pareto_infinite_mean,170,1.3714374269594796,4019.4332378160743,,"[20260710,2,3,0]"
F02,A,pareto_infinite_mean,171,9.2595900013421613,4028.6928278174164,,"[20260710,2,3,0]"
F02,A,pareto_infinite_mean,172,2.6113243107322446,4031.3041521281489,,"[20260710,2,3,0]"
F02,A,pareto_infinite_mean,173,2.5224284833960358,4033.8265806115451,,"[20260710,2,3,0]"
F02,A,pareto_infinite_mean,174,3.2279135643577721,4037.0544941759026,,"[20260710,2,3,0]"
F02,A,pareto_infinite_mean,175,1.1044102226756607,4038.1589043985782,,"[20260710,2,3,0]"
F02,A,pareto_infinite_mean,176,1.0492458515839496,4039.2081502501624,,"[20260710,2,3,0]"
F02,A,pareto_infinite_mean,177,4.9419312004815472,4044.1500814506439,,"[20260710,2,3,0]"
F02,A,pareto_infinite_mean,178,32.28633816077901,4076.4364196114229,,"[20260710,2,3,0]"
F02,A,pareto_infinite_mean,179,1.2326330795074414,4077.6690526909306,,"[20260710,2,3,0]"
F02,A,pareto_infinite_mean,180,2.0140725601341445,4079.6831252510647,,"[20260710,2,3,0]"
F02,A,pareto_infinite_mean,181,2.5370627753336747,4082.2201880263983,,"[20260710,2,3,0]"
F02,A,pareto_infinite_mean,182,5.5958542446898845,4087.816042271088,,"[20260710,2,3,0]"
F02,A,pareto_infinite_mean,183,7.4819521503506419,4095.2979944214385,,"[20260710,2,3,0]"
F02,A,pareto_infinite_mean,184,33.53771631208987,4128.8357107335287,,"[20260710,2,3,0]"
F02,A,pareto_infinite_mean,185,2.5439150940623678,4131.3796258275906,,"[20260710,2,3,0]"
F02,A,pareto_infinite_mean,186,1.5076950367998969,4132.8873208643909,,"[20260710,2,3,0]"
F02,A,pareto_infinite_mean,187,5.9833081298163071,4138.8706289942074,,"[20260710,2,3,0]"
F02,A,pareto_infinite_mean,188,3.8925108956024763,4142.7631398898102,,"[20260710,2,3,0]"
F02,A,pareto_infinite_mean,189,21.702984191026889,4164.4661240808373,,"[20260710,2,3,0]"
F02,A,pareto_infinite_mean,190,1.5064072511641684,4165.9725313320014,,"[20260710,2,3,0]"
F02,A,pareto_infinite_mean,191,1.2892037330705863,4167.2617350650717,,"[20260710,2,3,0]"
F02,A,pareto_infinite_mean,192,2.2787440145969269,4169.5404790796683,,"[20260710,2,3,0]"
F02,A,pareto_infinite_mean,193,2.7990048718678544,4172.3394839515358,,"[20260710,2,3,0]"
F02,A,pareto_infinite_mean,194,56.408602078275365,4228.748086029811,,"[20260710,2,3,0]"
F02,A,pareto_infinite_mean,195,2.1400681650416984,4230.8881541948531,,"[20260710,2,3,0]"
F02,A,pareto_infinite_mean,196,557.73995503634046,4788.6281092311938,,"[20260710,2,3,0]"
F02,A,pareto_infinite_mean,197,1.0035237043907324,4789.6316329355841,,"[20260710,2,3,0]"
F02,A,pareto_infinite_mean,198,34.236215451018744,4823.8678483866024,,"[20260710,2,3,0]"
F02,A,pareto_infinite_mean,199,1.5381549164416424,4825.4060033030437,,"[20260710,2,3,0]"
F02,A,pareto_infinite_mean,200,1.7475029837329186,4827.153506286777,,"[20260710,2,3,0]"
F02,A,pareto_infinite_mean,201,2.1850785809525237,4829.3385848677299,,"[20260710,2,3,0]"
F02,A,pareto_infinite_mean,202,5.5137698935623236,4834.8523547612922,,"[20260710,2,3,0]"
F02,A,pareto_infinite_mean,203,1.4500496492968857,4836.3024044105887,,"[20260710,2,3,0]"
F02,A,pareto_infinite_mean,204,2.3773860540243006,4838.6797904646128,,"[20260710,2,3,0]"
F02,A,pareto_infinite_mean,205,1.038094569594445,4839.717885034207,,"[20260710,2,3,0]"
F02,A,pareto_infinite_mean,206,2.3738360428231555,4842.0917210770303,,"[20260710,2,3,0]"
F02,A,pareto_infinite_mean,207,9.7581280372816561,4851.8498491143118,,"[20260710,2,3,0]"
F02,A,pareto_infinite_mean,208,1.0018009036459576,4852.8516500179576,,"[20260710,2,3,0]"
F02,A,pareto_infinite_mean,209,1.4253068696394633,4854.2769568875974,,"[20260710,2,3,0]"
F02,A,pareto_infinite_mean,210,3.3733214017602791,4857.6502782893576,,"[20260710,2,3,0]"
F02,A,pareto_infinite_mean,211,3.481607519709998,4861.1318858090681,,"[20260710,2,3,0]"
F02,A,pareto_infinite_mean,212,5.6619426963326269,4866.7938285054006,,"[20260710,2,3,0]"
F02,A,pareto_infinite_mean,213,1.4566615720543961,4868.2504900774547,,"[20260710,2,3,0]"
F02,A,pareto_infinite_mean,214,34.413060733331569,4902.6635508107865,,"[20260710,2,3,0]"
F02,A,pareto_infinite_mean,215,197.30250097144577,5099.9660517822322,,"[20260710,2,3,0]"
F02,A,pareto_infinite_mean,216,23.150500086935931,5123.1165518691678,,"[20260710,2,3,0]"
F02,A,pareto_infinite_mean,217,16.244925265616008,5139.3614771347839,,"[20260710,2,3,0]"
F02,A,pareto_infinite_mean,218,10.527139470614447,5149.8886166053981,,"[20260710,2,3,0]"
F02,A,pareto_infinite_mean,219,1.2792630987511238,5151.1678797041495,,"[20260710,2,3,0]"
F02,A,pareto_infinite_mean,220,3.6811768635821949,5154.8490565677321,,"[20260710,2,3,0]"
F02,A,pareto_infinite_mean,221,3.4438365396961923,5158.2928931074284,,"[20260710,2,3,0]"
F02,A,pareto_infinite_mean,222,2.2996883395080463,5160.5925814469365,,"[20260710,2,3,0]"
F02,A,pareto_infinite_mean,223,1.7344500771343927,5162.3270315240707,,"[20260710,2,3,0]"
F02,A,pareto_infinite_mean,224,4.8894850883520542,5167.2165166124223,,"[20260710,2,3,0]"
F02,A,pareto_infinite_mean,225,123.79569932180134,5291.0122159342236,,"[20260710,2,3,0]"
F02,A,pareto_infinite_mean,226,4.3702904484773661,5295.3825063827007,,"[20260710,2,3,0]"
F02,A,pareto_infinite_mean,227,16.812271215674052,5312.1947775983745,,"[20260710,2,3,0]"
F02,A,pareto_infinite_mean,228,76.396765593111482,5388.5915431914864,,"[20260710,2,3,0]"
F02,A,pareto_infinite_mean,229,1.2768008498732744,5389.8683440413597,,"[20260710,2,3,0]"
F02,A,pareto_infinite_mean,230,1.3016137164188191,5391.1699577577783,,"[20260710,2,3,0]"
F02,A,pareto_infinite_mean,231,10.817017457498007,5401.9869752152763,,"[20260710,2,3,0]"
F02,A,pareto_infinite_mean,232,1.562189001131987,5403.5491642164079,,"[20260710,2,3,0]"
F02,A,pareto_infinite_mean,233,1.1518795579619567,5404.7010437743702,,"[20260710,2,3,0]"
F02,A,pareto_infinite_mean,234,2.6692570854951363,5407.370300859865,,"[20260710,2,3,0]"
F02,A,pareto_infinite_mean,235,2.0831728302465002,5409.4534736901114,,"[20260710,2,3,0]"
F02,A,pareto_infinite_mean,236,1.1176493566294265,5410.5711230467405,,"[20260710,2,3,0]"
F02,A,pareto_infinite_mean,237,39.65132627773216,5450.222449324473,,"[20260710,2,3,0]"
F02,A,pareto_infinite_mean,238,3.0609687020758081,5453.283418026549,,"[20260710,2,3,0]"
F02,A,pareto_infinite_mean,239,1.4641809438465563,5454.7475989703953,,"[20260710,2,3,0]"
F02,A,pareto_infinite_mean,240,7.6496531514772794,5462.397252121873,,"[20260710,2,3,0]"
F02,A,pareto_infinite_mean,241,1.5407535735647904,5463.9380056954378,,"[20260710,2,3,0]"
F02,A,pareto_infinite_mean,242,1.683876241921165,5465.6218819373589,,"[20260710,2,3,0]"
F02,A,pareto_infinite_mean,243,1.6779264641306797,5467.2998084014898,,"[20260710,2,3,0]"
F02,A,pareto_infinite_mean,244,2.23154197994474,5469.531350381435,,"[20260710,2,3,0]"
F02,A,pareto_infinite_mean,245,1.3530035573808172,5470.8843539388163,,"[20260710,2,3,0]"
F02,A,pareto_infinite_mean,246,2.2765293439329151,5473.1608832827496,,"[20260710,2,3,0]"
F02,A,pareto_infinite_mean,247,48.078029027602483,5521.2389123103521,,"[20260710,2,3,0]"
F02,A,pareto_infinite_mean,248,2.705145083042666,5523.9440573933944,,"[20260710,2,3,0]"
F02,A,pareto_infinite_mean,249,6.6859525765075221,5530.6300099699019,,"[20260710,2,3,0]"
F02,A,pareto_infinite_mean,250,1.2756730691797122,5531.9056830390819,,"[20260710,2,3,0]"
F02,A,pareto_infinite_mean,251,1.1094235727316744,5533.0151066118133,,"[20260710,2,3,0]"
F02,A,pareto_infinite_mean,252,17.715082131373546,5550.7301887431868,,"[20260710,2,3,0]"
F02,A,pareto_infinite_mean,253,3.7661956664362517,5554.4963844096228,,"[20260710,2,3,0]"
F02,A,pareto_infinite_mean,254,27.199782151702045,5581.6961665613253,,"[20260710,2,3,0]"
F02,A,pareto_infinite_mean,255,7.354040574132922,5589.0502071354585,,"[20260710,2,3,0]"
F02,A,pareto_infinite_mean,256,7.970578315491319,5597.0207854509499,,"[20260710,2,3,0]"
